t, vcin_pseudo, vcip_pseudo
 0.00000E+00 , 6.00000E-01 , 6.00000E-01 
 3.35637E-09 , 6.00001E-01 , 6.00001E-01 
 3.35652E-09 , 6.00002E-01 , 6.00002E-01 
 3.35658E-09 , 6.00004E-01 , 6.00004E-01 
 3.35664E-09 , 7.41055E-01 , 7.41055E-01 
 3.35667E-09 , 7.65553E-01 , 7.65553E-01 
 3.35669E-09 , 7.78989E-01 , 7.78989E-01 
 3.35671E-09 , 7.90246E-01 , 7.90246E-01 
 3.35674E-09 , 8.04304E-01 , 8.04304E-01 
 3.35677E-09 , 8.16169E-01 , 8.16169E-01 
 3.35680E-09 , 8.26549E-01 , 8.26549E-01 
 3.35684E-09 , 8.38711E-01 , 8.38711E-01 
 3.35689E-09 , 8.51904E-01 , 8.51904E-01 
 3.35696E-09 , 8.67627E-01 , 8.67627E-01 
 3.35705E-09 , 8.84430E-01 , 8.84430E-01 
 3.35714E-09 , 8.98410E-01 , 8.98410E-01 
 3.35725E-09 , 9.12652E-01 , 9.12652E-01 
 3.35739E-09 , 9.27400E-01 , 9.27400E-01 
 3.35755E-09 , 9.40813E-01 , 9.40813E-01 
 3.35773E-09 , 9.52660E-01 , 9.52660E-01 
 3.35787E-09 , 9.60057E-01 , 9.60057E-01 
 3.35806E-09 , 9.68162E-01 , 9.68162E-01 
 3.35823E-09 , 9.73935E-01 , 9.73935E-01 
 3.35841E-09 , 9.78863E-01 , 9.78863E-01 
 3.35860E-09 , 9.83024E-01 , 9.83024E-01 
 3.35882E-09 , 9.86809E-01 , 9.86809E-01 
 3.35907E-09 , 9.90083E-01 , 9.90083E-01 
 3.35930E-09 , 9.92363E-01 , 9.92363E-01 
 3.35955E-09 , 9.94246E-01 , 9.94246E-01 
 3.35983E-09 , 9.95808E-01 , 9.95808E-01 
 3.36015E-09 , 9.97082E-01 , 9.97082E-01 
 3.36052E-09 , 9.98083E-01 , 9.98083E-01 
 3.36096E-09 , 9.98840E-01 , 9.98840E-01 
 3.36149E-09 , 9.99371E-01 , 9.99371E-01 
 3.36216E-09 , 9.99713E-01 , 9.99713E-01 
 3.36306E-09 , 9.99901E-01 , 9.99901E-01 
 3.36454E-09 , 9.99977E-01 , 9.99977E-01 
 3.36666E-09 , 9.99983E-01 , 9.99983E-01 
 3.36719E-09 , 9.99990E-01 , 9.99990E-01 
 3.36761E-09 , 9.99994E-01 , 9.99994E-01 
 3.36845E-09 , 9.99998E-01 , 9.99998E-01 
 3.37013E-09 , 1.00000E+00 , 1.00000E+00 
 3.38605E-09 , 1.00000E+00 , 1.00000E+00 
 5.48715E-09 , 9.99998E-01 , 9.99998E-01 
 9.61613E-09 , 9.99994E-01 , 9.99995E-01 
 9.61615E-09 , 9.95717E-01 , 9.97066E-01 
 9.61617E-09 , 9.90536E-01 , 9.92115E-01 
 9.61619E-09 , 9.84805E-01 , 9.86569E-01 
 9.61622E-09 , 9.75945E-01 , 9.77931E-01 
 9.61626E-09 , 9.64419E-01 , 9.66652E-01 
 9.61631E-09 , 9.50920E-01 , 9.53429E-01 
 9.61638E-09 , 9.33804E-01 , 9.36664E-01 
 9.61646E-09 , 9.16532E-01 , 9.19758E-01 
 9.61656E-09 , 8.97773E-01 , 9.01422E-01 
 9.61667E-09 , 8.80013E-01 , 8.84092E-01 
 9.61679E-09 , 8.63272E-01 , 8.67790E-01 
 9.61695E-09 , 8.44115E-01 , 8.49177E-01 
 9.61713E-09 , 8.25707E-01 , 8.31334E-01 
 9.61729E-09 , 8.11398E-01 , 8.17493E-01 
 9.61746E-09 , 7.97785E-01 , 8.04348E-01 
 9.61770E-09 , 7.80674E-01 , 7.87848E-01 
 9.61790E-09 , 7.67894E-01 , 7.75540E-01 
 9.61827E-09 , 7.46964E-01 , 7.55401E-01 
 9.61858E-09 , 7.31607E-01 , 7.40635E-01 
 9.61892E-09 , 7.16634E-01 , 7.26243E-01 
 9.61933E-09 , 7.00772E-01 , 7.10999E-01 
 9.61978E-09 , 6.85715E-01 , 6.96531E-01 
 9.62029E-09 , 6.71174E-01 , 6.82559E-01 
 9.62086E-09 , 6.57589E-01 , 6.69506E-01 
 9.62149E-09 , 6.45284E-01 , 6.57683E-01 
 9.62218E-09 , 6.34458E-01 , 6.47282E-01 
 9.62295E-09 , 6.24976E-01 , 6.38172E-01 
 9.62381E-09 , 6.16896E-01 , 6.30410E-01 
 9.62481E-09 , 6.09995E-01 , 6.23779E-01 
 9.62600E-09 , 6.04281E-01 , 6.18291E-01 
 9.62740E-09 , 5.99910E-01 , 6.14093E-01 
 9.62911E-09 , 5.96728E-01 , 6.11038E-01 
 9.63129E-09 , 5.94613E-01 , 6.09009E-01 
 9.63424E-09 , 5.93410E-01 , 6.07858E-01 
 9.63832E-09 , 5.92929E-01 , 6.07401E-01 
 9.64433E-09 , 5.92835E-01 , 6.07320E-01 
 9.65320E-09 , 5.92822E-01 , 6.07320E-01 
 9.66829E-09 , 5.92769E-01 , 6.07292E-01 
 9.69847E-09 , 5.92711E-01 , 6.07280E-01 
 9.75883E-09 , 5.92669E-01 , 6.07329E-01 
 9.87955E-09 , 5.92582E-01 , 6.07423E-01 
 1.01210E-08 , 5.92398E-01 , 6.07602E-01 
 1.43683E-08 , 5.89208E-01 , 6.10791E-01 
 2.27132E-08 , 5.82942E-01 , 6.17056E-01 
 2.82912E-08 , 5.78756E-01 , 6.21244E-01 
 2.95330E-08 , 5.77824E-01 , 6.22176E-01 
 3.45564E-08 , 5.74057E-01 , 6.25943E-01 
 3.45564E-08 , 5.45192E-01 , 5.97078E-01 
 3.45564E-08 , 5.41489E-01 , 5.93375E-01 
 3.45565E-08 , 5.39196E-01 , 5.91082E-01 
 3.45565E-08 , 5.37997E-01 , 5.89883E-01 
 3.45565E-08 , 5.37434E-01 , 5.89320E-01 
 3.45565E-08 , 5.37876E-01 , 5.89762E-01 
 3.45566E-08 , 5.39403E-01 , 5.91289E-01 
 3.45567E-08 , 5.41972E-01 , 5.93857E-01 
 3.45567E-08 , 5.45947E-01 , 5.97832E-01 
 3.45568E-08 , 5.51628E-01 , 6.03513E-01 
 3.45570E-08 , 5.58473E-01 , 6.10358E-01 
 3.45572E-08 , 5.65740E-01 , 6.17626E-01 
 3.45574E-08 , 5.72744E-01 , 6.24629E-01 
 3.45575E-08 , 5.77776E-01 , 6.29661E-01 
 3.45577E-08 , 5.82219E-01 , 6.34105E-01 
 3.45580E-08 , 5.86016E-01 , 6.37902E-01 
 3.45582E-08 , 5.89617E-01 , 6.41502E-01 
 3.45585E-08 , 5.91886E-01 , 6.43772E-01 
 3.45587E-08 , 5.93663E-01 , 6.45548E-01 
 3.45590E-08 , 5.95176E-01 , 6.47062E-01 
 3.45593E-08 , 5.96389E-01 , 6.48274E-01 
 3.45597E-08 , 5.97326E-01 , 6.49211E-01 
 3.45602E-08 , 5.98023E-01 , 6.49908E-01 
 3.45607E-08 , 5.98516E-01 , 6.50401E-01 
 3.45614E-08 , 5.98819E-01 , 6.50705E-01 
 3.45624E-08 , 5.98979E-01 , 6.50865E-01 
 3.45639E-08 , 5.99038E-01 , 6.50924E-01 
 3.45696E-08 , 5.99044E-01 , 6.50930E-01 
 3.45750E-08 , 5.99055E-01 , 6.50940E-01 
 3.45821E-08 , 5.99057E-01 , 6.50943E-01 
 3.49170E-08 , 5.99057E-01 , 6.50943E-01 
 3.49971E-08 , 5.99057E-01 , 6.50943E-01 
 4.08321E-08 , 5.99058E-01 , 6.50941E-01 
 4.08545E-08 , 5.99061E-01 , 6.50941E-01 
 4.08558E-08 , 5.99063E-01 , 6.50941E-01 
 4.08562E-08 , 5.99067E-01 , 6.50941E-01 
 4.08563E-08 , 5.99076E-01 , 6.50941E-01 
 4.08564E-08 , 5.99106E-01 , 6.50940E-01 
 4.08564E-08 , 9.33711E-01 , 5.85620E-01 
 4.08564E-08 , 9.23578E-01 , 5.75479E-01 
 4.08564E-08 , 9.15420E-01 , 5.67317E-01 
 4.08565E-08 , 9.08913E-01 , 5.60807E-01 
 4.08565E-08 , 9.01101E-01 , 5.52993E-01 
 4.08565E-08 , 8.94656E-01 , 5.46548E-01 
 4.08566E-08 , 8.89076E-01 , 5.40967E-01 
 4.08566E-08 , 8.81104E-01 , 5.32994E-01 
 4.08567E-08 , 8.73090E-01 , 5.24979E-01 
 4.08567E-08 , 8.64227E-01 , 5.16115E-01 
 4.08569E-08 , 8.54382E-01 , 5.06270E-01 
 4.08570E-08 , 8.45801E-01 , 4.97688E-01 
 4.08571E-08 , 8.36796E-01 , 4.88683E-01 
 4.08574E-08 , 8.27532E-01 , 4.79418E-01 
 4.08575E-08 , 8.21846E-01 , 4.73732E-01 
 4.08578E-08 , 8.15310E-01 , 4.67196E-01 
 4.08581E-08 , 8.11148E-01 , 4.63035E-01 
 4.08583E-08 , 8.07987E-01 , 4.59873E-01 
 4.08584E-08 , 8.07392E-01 , 4.59278E-01 
 4.08584E-08 , 8.06840E-01 , 4.58725E-01 
 4.08586E-08 , 8.05847E-01 , 4.57733E-01 
 4.08588E-08 , 8.04228E-01 , 4.56114E-01 
 4.08591E-08 , 8.02569E-01 , 4.54455E-01 
 4.08596E-08 , 8.01203E-01 , 4.53089E-01 
 4.08601E-08 , 8.00205E-01 , 4.52091E-01 
 4.08608E-08 , 7.99573E-01 , 4.51459E-01 
 4.08617E-08 , 7.99234E-01 , 4.51120E-01 
 4.08630E-08 , 7.99102E-01 , 4.50988E-01 
 4.08648E-08 , 7.99080E-01 , 4.50966E-01 
 4.08667E-08 , 7.99074E-01 , 4.50959E-01 
 4.08676E-08 , 7.99064E-01 , 4.50950E-01 
 4.08682E-08 , 7.99061E-01 , 4.50946E-01 
 4.08693E-08 , 7.99058E-01 , 4.50943E-01 
 4.08745E-08 , 7.99057E-01 , 4.50943E-01 
 4.08767E-08 , 7.99057E-01 , 4.50943E-01 
 4.08885E-08 , 7.99057E-01 , 4.50943E-01 
 4.08948E-08 , 7.99057E-01 , 4.50943E-01 
 4.47087E-08 , 7.99055E-01 , 4.50944E-01 
 4.71064E-08 , 7.99053E-01 , 4.50946E-01 
 4.71064E-08 , 7.69700E-01 , 4.80299E-01 
 4.71064E-08 , 7.63565E-01 , 4.86434E-01 
 4.71064E-08 , 7.58965E-01 , 4.91034E-01 
 4.71064E-08 , 7.55445E-01 , 4.94553E-01 
 4.71065E-08 , 7.51323E-01 , 4.98676E-01 
 4.71065E-08 , 7.46936E-01 , 5.03062E-01 
 4.71065E-08 , 7.43289E-01 , 5.06710E-01 
 4.71066E-08 , 7.38734E-01 , 5.11264E-01 
 4.71067E-08 , 7.33261E-01 , 5.16738E-01 
 4.71068E-08 , 7.27579E-01 , 5.22420E-01 
 4.71070E-08 , 7.22461E-01 , 5.27537E-01 
 4.71071E-08 , 7.17220E-01 , 5.32778E-01 
 4.71075E-08 , 7.11316E-01 , 5.38682E-01 
 4.71077E-08 , 7.07872E-01 , 5.42126E-01 
 4.71080E-08 , 7.05371E-01 , 5.44627E-01 
 4.71084E-08 , 7.03148E-01 , 5.46850E-01 
 4.71088E-08 , 7.01451E-01 , 5.48547E-01 
 4.71094E-08 , 7.00303E-01 , 5.49696E-01 
 4.71101E-08 , 6.99583E-01 , 5.50415E-01 
 4.71111E-08 , 6.99215E-01 , 5.50783E-01 
 4.71125E-08 , 6.99099E-01 , 5.50900E-01 
 4.71143E-08 , 6.99081E-01 , 5.50918E-01 
 4.71168E-08 , 6.99073E-01 , 5.50926E-01 
 4.71193E-08 , 6.99061E-01 , 5.50938E-01 
 4.71237E-08 , 6.99053E-01 , 5.50946E-01 
 4.71359E-08 , 6.99054E-01 , 5.50945E-01 
 4.80651E-08 , 6.99051E-01 , 5.50942E-01 
 5.33564E-08 , 6.99032E-01 , 5.50927E-01 
 5.33564E-08 , 6.70027E-01 , 5.79932E-01 
 5.33564E-08 , 6.64361E-01 , 5.85598E-01 
 5.33564E-08 , 6.60306E-01 , 5.89652E-01 
 5.33564E-08 , 6.57382E-01 , 5.92577E-01 
 5.33565E-08 , 6.54213E-01 , 5.95746E-01 
 5.33565E-08 , 6.51162E-01 , 5.98796E-01 
 5.33566E-08 , 6.48414E-01 , 6.01544E-01 
 5.33566E-08 , 6.46103E-01 , 6.03855E-01 
 5.33567E-08 , 6.43896E-01 , 6.06062E-01 
 5.33568E-08 , 6.42343E-01 , 6.07616E-01 
 5.33570E-08 , 6.41659E-01 , 6.08300E-01 
 5.33572E-08 , 6.41801E-01 , 6.08158E-01 
 5.33574E-08 , 6.42455E-01 , 6.07503E-01 
 5.33577E-08 , 6.43630E-01 , 6.06328E-01 
 5.33580E-08 , 6.45123E-01 , 6.04835E-01 
 5.33584E-08 , 6.46340E-01 , 6.03619E-01 
 5.33588E-08 , 6.47219E-01 , 6.02740E-01 
 5.33594E-08 , 6.48193E-01 , 6.01766E-01 
 5.33603E-08 , 6.48731E-01 , 6.01227E-01 
 5.33614E-08 , 6.48951E-01 , 6.01008E-01 
 5.33629E-08 , 6.49004E-01 , 6.00954E-01 
 5.33651E-08 , 6.49007E-01 , 6.00951E-01 
 5.33667E-08 , 6.49019E-01 , 6.00940E-01 
 5.33683E-08 , 6.49028E-01 , 6.00930E-01 
 5.33716E-08 , 6.49034E-01 , 6.00924E-01 
 5.33802E-08 , 6.49032E-01 , 6.00926E-01 
 5.34148E-08 , 6.49033E-01 , 6.00926E-01 
 5.34273E-08 , 6.49033E-01 , 6.00926E-01 
 5.96063E-08 , 6.49030E-01 , 6.00927E-01 
 5.96064E-08 , 6.49030E-01 , 6.00928E-01 
 5.96064E-08 , 6.19211E-01 , 6.30747E-01 
 5.96064E-08 , 6.15123E-01 , 6.34834E-01 
 5.96064E-08 , 6.12408E-01 , 6.37550E-01 
 5.96065E-08 , 6.10707E-01 , 6.39250E-01 
 5.96065E-08 , 6.09280E-01 , 6.40677E-01 
 5.96065E-08 , 6.08448E-01 , 6.41509E-01 
 5.96066E-08 , 6.08290E-01 , 6.41667E-01 
 5.96066E-08 , 6.08786E-01 , 6.41171E-01 
 5.96067E-08 , 6.10346E-01 , 6.39611E-01 
 5.96069E-08 , 6.12355E-01 , 6.37603E-01 
 5.96070E-08 , 6.14606E-01 , 6.35352E-01 
 5.96072E-08 , 6.17051E-01 , 6.32906E-01 
 5.96074E-08 , 6.19355E-01 , 6.30602E-01 
 5.96076E-08 , 6.21159E-01 , 6.28798E-01 
 5.96080E-08 , 6.22403E-01 , 6.27555E-01 
 5.96084E-08 , 6.23174E-01 , 6.26783E-01 
 5.96089E-08 , 6.23631E-01 , 6.26326E-01 
 5.96097E-08 , 6.23867E-01 , 6.26090E-01 
 5.96109E-08 , 6.23974E-01 , 6.25983E-01 
 5.96127E-08 , 6.24010E-01 , 6.25948E-01 
 5.96154E-08 , 6.24017E-01 , 6.25941E-01 
 5.96178E-08 , 6.24029E-01 , 6.25929E-01 
 5.96188E-08 , 6.24031E-01 , 6.25927E-01 
 5.96244E-08 , 6.24031E-01 , 6.25927E-01 
 5.96481E-08 , 6.24032E-01 , 6.25927E-01 
 6.58481E-08 , 6.24108E-01 , 6.26004E-01 
 6.58545E-08 , 6.24108E-01 , 6.26004E-01 
 6.58564E-08 , 6.24108E-01 , 6.26004E-01 
 6.58564E-08 , 6.25325E-01 , 6.24710E-01 
 6.58564E-08 , 6.26877E-01 , 6.23135E-01 
 6.58564E-08 , 6.28524E-01 , 6.21470E-01 
 6.58565E-08 , 6.30936E-01 , 6.19038E-01 
 6.58565E-08 , 6.34424E-01 , 6.15528E-01 
 6.58566E-08 , 6.38012E-01 , 6.11921E-01 
 6.58566E-08 , 6.40284E-01 , 6.09637E-01 
 6.58567E-08 , 6.41696E-01 , 6.08217E-01 
 6.58568E-08 , 6.42317E-01 , 6.07591E-01 
 6.58569E-08 , 6.42175E-01 , 6.07730E-01 
 6.58571E-08 , 6.41511E-01 , 6.08393E-01 
 6.58572E-08 , 6.40444E-01 , 6.09459E-01 
 6.58574E-08 , 6.39276E-01 , 6.10627E-01 
 6.58577E-08 , 6.38245E-01 , 6.11658E-01 
 6.58580E-08 , 6.37456E-01 , 6.12447E-01 
 6.58584E-08 , 6.37050E-01 , 6.12853E-01 
 6.58587E-08 , 6.36837E-01 , 6.13066E-01 
 6.58594E-08 , 6.36644E-01 , 6.13259E-01 
 6.58605E-08 , 6.36549E-01 , 6.13354E-01 
 6.58622E-08 , 6.36522E-01 , 6.13381E-01 
 6.58650E-08 , 6.36516E-01 , 6.13387E-01 
 6.58684E-08 , 6.36505E-01 , 6.13399E-01 
 6.58699E-08 , 6.36504E-01 , 6.13400E-01 
 6.68384E-08 , 6.36511E-01 , 6.13408E-01 
 7.21064E-08 , 6.36553E-01 , 6.13452E-01 
 7.21064E-08 , 6.11635E-01 , 6.38370E-01 
 7.21064E-08 , 6.11414E-01 , 6.38591E-01 
 7.21064E-08 , 6.12455E-01 , 6.37550E-01 
 7.21065E-08 , 6.14134E-01 , 6.35871E-01 
 7.21065E-08 , 6.16899E-01 , 6.33106E-01 
 7.21065E-08 , 6.20093E-01 , 6.29913E-01 
 7.21066E-08 , 6.22497E-01 , 6.27509E-01 
 7.21066E-08 , 6.24605E-01 , 6.25400E-01 
 7.21067E-08 , 6.26015E-01 , 6.23990E-01 
 7.21067E-08 , 6.27264E-01 , 6.22741E-01 
 7.21068E-08 , 6.28183E-01 , 6.21822E-01 
 7.21069E-08 , 6.28801E-01 , 6.21204E-01 
 7.21071E-08 , 6.29264E-01 , 6.20742E-01 
 7.21073E-08 , 6.29631E-01 , 6.20374E-01 
 7.21076E-08 , 6.29922E-01 , 6.20084E-01 
 7.21082E-08 , 6.30134E-01 , 6.19872E-01 
 7.21084E-08 , 6.30170E-01 , 6.19836E-01 
 7.21085E-08 , 6.30197E-01 , 6.19808E-01 
 7.21089E-08 , 6.30234E-01 , 6.19772E-01 
 7.21095E-08 , 6.30271E-01 , 6.19734E-01 
 7.21108E-08 , 6.30295E-01 , 6.19710E-01 
 7.21133E-08 , 6.30299E-01 , 6.19706E-01 
 7.21169E-08 , 6.30299E-01 , 6.19706E-01 
 7.21205E-08 , 6.30302E-01 , 6.19703E-01 
 7.21278E-08 , 6.30304E-01 , 6.19702E-01 
 7.21619E-08 , 6.30305E-01 , 6.19703E-01 
 7.83563E-08 , 6.30425E-01 , 6.19826E-01 
 7.83564E-08 , 6.30425E-01 , 6.19827E-01 
 7.83565E-08 , 6.13410E-01 , 6.36842E-01 
 7.83565E-08 , 6.16708E-01 , 6.33544E-01 
 7.83565E-08 , 6.19761E-01 , 6.30491E-01 
 7.83565E-08 , 6.22081E-01 , 6.28171E-01 
 7.83566E-08 , 6.24315E-01 , 6.25937E-01 
 7.83566E-08 , 6.25147E-01 , 6.25106E-01 
 7.83567E-08 , 6.25588E-01 , 6.24664E-01 
 7.83567E-08 , 6.25921E-01 , 6.24331E-01 
 7.83568E-08 , 6.26225E-01 , 6.24027E-01 
 7.83569E-08 , 6.26525E-01 , 6.23727E-01 
 7.83571E-08 , 6.26830E-01 , 6.23423E-01 
 7.83575E-08 , 6.27046E-01 , 6.23206E-01 
 7.83580E-08 , 6.27180E-01 , 6.23073E-01 
 7.83584E-08 , 6.27232E-01 , 6.23020E-01 
 7.83592E-08 , 6.27277E-01 , 6.22975E-01 
 7.83608E-08 , 6.27295E-01 , 6.22958E-01 
 7.83641E-08 , 6.27294E-01 , 6.22959E-01 
 7.83696E-08 , 6.27301E-01 , 6.22952E-01 
 7.83785E-08 , 6.27302E-01 , 6.22951E-01 
 7.84766E-08 , 6.27305E-01 , 6.22955E-01 
 8.46064E-08 , 6.27506E-01 , 6.23158E-01 
 8.46064E-08 , 6.13516E-01 , 6.37148E-01 
 8.46064E-08 , 6.17696E-01 , 6.32969E-01 
 8.46064E-08 , 6.20760E-01 , 6.29904E-01 
 8.46065E-08 , 6.22654E-01 , 6.28011E-01 
 8.46065E-08 , 6.24020E-01 , 6.26644E-01 
 8.46065E-08 , 6.24536E-01 , 6.26129E-01 
 8.46066E-08 , 6.24774E-01 , 6.25891E-01 
 8.46066E-08 , 6.24941E-01 , 6.25723E-01 
 8.46066E-08 , 6.25152E-01 , 6.25512E-01 
 8.46067E-08 , 6.25406E-01 , 6.25258E-01 
 8.46069E-08 , 6.25609E-01 , 6.25056E-01 
 8.46072E-08 , 6.25753E-01 , 6.24911E-01 
 8.46077E-08 , 6.25852E-01 , 6.24813E-01 
 8.46084E-08 , 6.25906E-01 , 6.24758E-01 
 8.46091E-08 , 6.25928E-01 , 6.24736E-01 
 8.46106E-08 , 6.25941E-01 , 6.24724E-01 
 8.46312E-08 , 6.25945E-01 , 6.24721E-01 
 8.96271E-08 , 6.26177E-01 , 6.24954E-01 
 9.08563E-08 , 6.26233E-01 , 6.25012E-01 
 9.08564E-08 , 6.26233E-01 , 6.25012E-01 
 9.08564E-08 , 6.17384E-01 , 6.33861E-01 
 9.08564E-08 , 6.21680E-01 , 6.29566E-01 
 9.08564E-08 , 6.23685E-01 , 6.27561E-01 
 9.08565E-08 , 6.24415E-01 , 6.26830E-01 
 9.08565E-08 , 6.24652E-01 , 6.26594E-01 
 9.08565E-08 , 6.24748E-01 , 6.26497E-01 
 9.08565E-08 , 6.24841E-01 , 6.26404E-01 
 9.08566E-08 , 6.24976E-01 , 6.26270E-01 
 9.08567E-08 , 6.25132E-01 , 6.26113E-01 
 9.08568E-08 , 6.25229E-01 , 6.26016E-01 
 9.08570E-08 , 6.25320E-01 , 6.25925E-01 
 9.08574E-08 , 6.25390E-01 , 6.25856E-01 
 9.08584E-08 , 6.25434E-01 , 6.25812E-01 
 9.08586E-08 , 6.25439E-01 , 6.25806E-01 
 9.08589E-08 , 6.25445E-01 , 6.25800E-01 
 9.08596E-08 , 6.25450E-01 , 6.25796E-01 
 9.08609E-08 , 6.25452E-01 , 6.25794E-01 
 9.08756E-08 , 6.25454E-01 , 6.25794E-01 
 9.13087E-08 , 6.25480E-01 , 6.25820E-01 
 9.77510E-08 , 6.25862E-01 , 6.26204E-01 
 9.81395E-08 , 6.25885E-01 , 6.26227E-01 
 1.04388E-07 , 6.26253E-01 , 6.26597E-01 
 1.09561E-07 , 6.26555E-01 , 6.26900E-01 
 1.09561E-07 , 6.27141E-01 , 6.26900E-01 
 1.09561E-07 , 6.27373E-01 , 6.26900E-01 
 1.09561E-07 , 6.27834E-01 , 6.26900E-01 
 1.09561E-07 , 6.28739E-01 , 6.26900E-01 
 1.09561E-07 , 6.30494E-01 , 6.26900E-01 
 1.09561E-07 , 6.33785E-01 , 6.26900E-01 
 1.09562E-07 , 6.39599E-01 , 6.26900E-01 
 1.09563E-07 , 6.48766E-01 , 6.26900E-01 
 1.09566E-07 , 6.59154E-01 , 6.26900E-01 
 1.09568E-07 , 6.65765E-01 , 6.26900E-01 
 1.09571E-07 , 6.69167E-01 , 6.26900E-01 
 1.09573E-07 , 6.69693E-01 , 6.26901E-01 
 1.09575E-07 , 6.69042E-01 , 6.26901E-01 
 1.09577E-07 , 6.67688E-01 , 6.26901E-01 
 1.09579E-07 , 6.64279E-01 , 6.26901E-01 
 1.09583E-07 , 6.57907E-01 , 6.26901E-01 
 1.09588E-07 , 6.42329E-01 , 6.26901E-01 
 1.09590E-07 , 6.35377E-01 , 6.26902E-01 
 1.09591E-07 , 6.31370E-01 , 6.26902E-01 
 1.09593E-07 , 6.25897E-01 , 6.26902E-01 
 1.09595E-07 , 6.13569E-01 , 6.26902E-01 
 1.09601E-07 , 5.82171E-01 , 6.26902E-01 
 1.09605E-07 , 5.47089E-01 , 6.26902E-01 
 1.09609E-07 , 4.99484E-01 , 6.26901E-01 
 1.09610E-07 , 4.85584E-01 , 6.26900E-01 
 1.09611E-07 , 4.80441E-01 , 6.26898E-01 
 1.09611E-07 , 4.78400E-01 , 6.26897E-01 
 1.09611E-07 , 4.77812E-01 , 6.26894E-01 
 1.09611E-07 , 4.77372E-01 , 6.26885E-01 
 1.09611E-07 , 5.02436E-01 , 6.02330E-01 
 1.09611E-07 , 5.15951E-01 , 6.14245E-01 
 1.09611E-07 , 5.24566E-01 , 6.22483E-01 
 1.09611E-07 , 5.30037E-01 , 6.27773E-01 
 1.09611E-07 , 5.33905E-01 , 6.31189E-01 
 1.09611E-07 , 5.36958E-01 , 6.33485E-01 
 1.09611E-07 , 5.40647E-01 , 6.35719E-01 
 1.09611E-07 , 5.43631E-01 , 6.37168E-01 
 1.09611E-07 , 5.46077E-01 , 6.38183E-01 
 1.09611E-07 , 5.48090E-01 , 6.38936E-01 
 1.09611E-07 , 5.50244E-01 , 6.39697E-01 
 1.09611E-07 , 5.52616E-01 , 6.40568E-01 
 1.09611E-07 , 5.54433E-01 , 6.41411E-01 
 1.09611E-07 , 5.55631E-01 , 6.42312E-01 
 1.09611E-07 , 5.56249E-01 , 6.43437E-01 
 1.09612E-07 , 5.56209E-01 , 6.44693E-01 
 1.09612E-07 , 5.55521E-01 , 6.46298E-01 
 1.09612E-07 , 5.54186E-01 , 6.48207E-01 
 1.09612E-07 , 5.52026E-01 , 6.50666E-01 
 1.09612E-07 , 5.49384E-01 , 6.53340E-01 
 1.09613E-07 , 5.45562E-01 , 6.56972E-01 
 1.09613E-07 , 5.44864E-01 , 6.57623E-01 
 1.09613E-07 , 5.44180E-01 , 6.58256E-01 
 1.09613E-07 , 5.42859E-01 , 6.59474E-01 
 1.09613E-07 , 5.40397E-01 , 6.61723E-01 
 1.09614E-07 , 5.36156E-01 , 6.65573E-01 
 1.09615E-07 , 5.30750E-01 , 6.70458E-01 
 1.09616E-07 , 5.26121E-01 , 6.74639E-01 
 1.09618E-07 , 5.22673E-01 , 6.77755E-01 
 1.09620E-07 , 5.20169E-01 , 6.80018E-01 
 1.09624E-07 , 5.18863E-01 , 6.81198E-01 
 1.09628E-07 , 5.18396E-01 , 6.81620E-01 
 1.09634E-07 , 5.18313E-01 , 6.81696E-01 
 1.09642E-07 , 5.18292E-01 , 6.81715E-01 
 1.09656E-07 , 5.18235E-01 , 6.81768E-01 
 1.09684E-07 , 5.18183E-01 , 6.81817E-01 
 1.09741E-07 , 5.18146E-01 , 6.81854E-01 
 1.09838E-07 , 5.18077E-01 , 6.81924E-01 
 1.10025E-07 , 5.17938E-01 , 6.82062E-01 
 1.12662E-07 , 5.16001E-01 , 6.83999E-01 
 1.12868E-07 , 5.15849E-01 , 6.84151E-01 
 1.15815E-07 , 5.13687E-01 , 6.86313E-01 
 1.16082E-07 , 5.13492E-01 , 6.86509E-01 
 1.18914E-07 , 5.11417E-01 , 6.88583E-01 
 1.19261E-07 , 5.11163E-01 , 6.88837E-01 
 1.21981E-07 , 5.09172E-01 , 6.90828E-01 
 1.22590E-07 , 5.08727E-01 , 6.91273E-01 
 1.25000E-07 , 5.06966E-01 , 6.93033E-01 
 1.25793E-07 , 5.06388E-01 , 6.93613E-01 
 1.27459E-07 , 5.05172E-01 , 6.94828E-01 
 1.29055E-07 , 5.04008E-01 , 6.95992E-01 
 1.30613E-07 , 5.02873E-01 , 6.97127E-01 
 1.32500E-07 , 5.01500E-01 , 6.98500E-01 
 1.33307E-07 , 5.00913E-01 , 6.99087E-01 
 1.34553E-07 , 5.00006E-01 , 6.99994E-01 
 1.34553E-07 , 4.72146E-01 , 6.72133E-01 
 1.34553E-07 , 4.67813E-01 , 6.67801E-01 
 1.34553E-07 , 4.65258E-01 , 6.65245E-01 
 1.34553E-07 , 4.63946E-01 , 6.63933E-01 
 1.34553E-07 , 4.63306E-01 , 6.63293E-01 
 1.34553E-07 , 4.63505E-01 , 6.63492E-01 
 1.34553E-07 , 4.64478E-01 , 6.64466E-01 
 1.34553E-07 , 4.66359E-01 , 6.66346E-01 
 1.34554E-07 , 4.69631E-01 , 6.69618E-01 
 1.34554E-07 , 4.74762E-01 , 6.74749E-01 
 1.34554E-07 , 4.80362E-01 , 6.80349E-01 
 1.34554E-07 , 4.86922E-01 , 6.86909E-01 
 1.34554E-07 , 4.93783E-01 , 6.93770E-01 
 1.34554E-07 , 5.00350E-01 , 7.00337E-01 
 1.34554E-07 , 5.05057E-01 , 7.05044E-01 
 1.34555E-07 , 5.09580E-01 , 7.09567E-01 
 1.34555E-07 , 5.12627E-01 , 7.12614E-01 
 1.34555E-07 , 5.15720E-01 , 7.15707E-01 
 1.34555E-07 , 5.18267E-01 , 7.18254E-01 
 1.34556E-07 , 5.19995E-01 , 7.19982E-01 
 1.34556E-07 , 5.21360E-01 , 7.21347E-01 
 1.34556E-07 , 5.22470E-01 , 7.22457E-01 
 1.34557E-07 , 5.23341E-01 , 7.23328E-01 
 1.34557E-07 , 5.23999E-01 , 7.23986E-01 
 1.34558E-07 , 5.24466E-01 , 7.24453E-01 
 1.34558E-07 , 5.24769E-01 , 7.24756E-01 
 1.34559E-07 , 5.24928E-01 , 7.24915E-01 
 1.34561E-07 , 5.24988E-01 , 7.24975E-01 
 1.34563E-07 , 5.24992E-01 , 7.24979E-01 
 1.34566E-07 , 5.24995E-01 , 7.24982E-01 
 1.34572E-07 , 5.25004E-01 , 7.24991E-01 
 1.34577E-07 , 5.25006E-01 , 7.24993E-01 
 1.34659E-07 , 5.25007E-01 , 7.24993E-01 
 1.34668E-07 , 5.25007E-01 , 7.24993E-01 
 1.40828E-07 , 5.25008E-01 , 7.24992E-01 
 1.40851E-07 , 5.25010E-01 , 7.24992E-01 
 1.40854E-07 , 5.25012E-01 , 7.24992E-01 
 1.40855E-07 , 5.25015E-01 , 7.24992E-01 
 1.40855E-07 , 5.25019E-01 , 7.24992E-01 
 1.40855E-07 , 5.25027E-01 , 7.24992E-01 
 1.40855E-07 , 5.25040E-01 , 7.24992E-01 
 1.40855E-07 , 5.25095E-01 , 7.24990E-01 
 1.40855E-07 , 8.63612E-01 , 6.63624E-01 
 1.40855E-07 , 8.52369E-01 , 6.52373E-01 
 1.40855E-07 , 8.44062E-01 , 6.44061E-01 
 1.40855E-07 , 8.37431E-01 , 6.37427E-01 
 1.40855E-07 , 8.28994E-01 , 6.28988E-01 
 1.40855E-07 , 8.22085E-01 , 6.22078E-01 
 1.40855E-07 , 8.14455E-01 , 6.14446E-01 
 1.40855E-07 , 8.06534E-01 , 6.06525E-01 
 1.40855E-07 , 7.99821E-01 , 5.99811E-01 
 1.40855E-07 , 7.91844E-01 , 5.91834E-01 
 1.40855E-07 , 7.82481E-01 , 5.82471E-01 
 1.40855E-07 , 7.74147E-01 , 5.74135E-01 
 1.40856E-07 , 7.65646E-01 , 5.65635E-01 
 1.40856E-07 , 7.56358E-01 , 5.56346E-01 
 1.40856E-07 , 7.48239E-01 , 5.48227E-01 
 1.40856E-07 , 7.43456E-01 , 5.43444E-01 
 1.40857E-07 , 7.38075E-01 , 5.38062E-01 
 1.40857E-07 , 7.34760E-01 , 5.34747E-01 
 1.40857E-07 , 7.33306E-01 , 5.33293E-01 
 1.40857E-07 , 7.32078E-01 , 5.32066E-01 
 1.40857E-07 , 7.30148E-01 , 5.30135E-01 
 1.40858E-07 , 7.28536E-01 , 5.28523E-01 
 1.40858E-07 , 7.27293E-01 , 5.27280E-01 
 1.40859E-07 , 7.26278E-01 , 5.26265E-01 
 1.40859E-07 , 7.25601E-01 , 5.25588E-01 
 1.40860E-07 , 7.25223E-01 , 5.25210E-01 
 1.40861E-07 , 7.25065E-01 , 5.25052E-01 
 1.40863E-07 , 7.25028E-01 , 5.25015E-01 
 1.40865E-07 , 7.25023E-01 , 5.25010E-01 
 1.40867E-07 , 7.25013E-01 , 5.24999E-01 
 1.40868E-07 , 7.25008E-01 , 5.24995E-01 
 1.40869E-07 , 7.25007E-01 , 5.24994E-01 
 1.40884E-07 , 7.25006E-01 , 5.24993E-01 
 1.40886E-07 , 7.25006E-01 , 5.24993E-01 
 1.43080E-07 , 7.25005E-01 , 5.24994E-01 
 1.45126E-07 , 7.25003E-01 , 5.24995E-01 
 1.47099E-07 , 7.25002E-01 , 5.24997E-01 
 1.47099E-07 , 6.96385E-01 , 5.53614E-01 
 1.47099E-07 , 6.90272E-01 , 5.59726E-01 
 1.47099E-07 , 6.85549E-01 , 5.64450E-01 
 1.47099E-07 , 6.81916E-01 , 5.68083E-01 
 1.47099E-07 , 6.77679E-01 , 5.72320E-01 
 1.47099E-07 , 6.75307E-01 , 5.74692E-01 
 1.47099E-07 , 6.73192E-01 , 5.76807E-01 
 1.47099E-07 , 6.69510E-01 , 5.80489E-01 
 1.47099E-07 , 6.64234E-01 , 5.85764E-01 
 1.47099E-07 , 6.59396E-01 , 5.90602E-01 
 1.47100E-07 , 6.54528E-01 , 5.95470E-01 
 1.47100E-07 , 6.49865E-01 , 6.00133E-01 
 1.47100E-07 , 6.44751E-01 , 6.05247E-01 
 1.47100E-07 , 6.39317E-01 , 6.10681E-01 
 1.47100E-07 , 6.35904E-01 , 6.14095E-01 
 1.47100E-07 , 6.33264E-01 , 6.16735E-01 
 1.47101E-07 , 6.30935E-01 , 6.19063E-01 
 1.47101E-07 , 6.29184E-01 , 6.20815E-01 
 1.47101E-07 , 6.27728E-01 , 6.22270E-01 
 1.47102E-07 , 6.26586E-01 , 6.23412E-01 
 1.47103E-07 , 6.25800E-01 , 6.24199E-01 
 1.47103E-07 , 6.25324E-01 , 6.24674E-01 
 1.47104E-07 , 6.25097E-01 , 6.24901E-01 
 1.47106E-07 , 6.25031E-01 , 6.24967E-01 
 1.47108E-07 , 6.25021E-01 , 6.24977E-01 
 1.47110E-07 , 6.25016E-01 , 6.24982E-01 
 1.47114E-07 , 6.25007E-01 , 6.24992E-01 
 1.47117E-07 , 6.25004E-01 , 6.24995E-01 
 1.47123E-07 , 6.25003E-01 , 6.24995E-01 
 1.47179E-07 , 6.25003E-01 , 6.24995E-01 
 1.53349E-07 , 6.24981E-01 , 6.24978E-01 
 1.53349E-07 , 5.96656E-01 , 6.53303E-01 
 1.53349E-07 , 5.90987E-01 , 6.58972E-01 
 1.53349E-07 , 5.86796E-01 , 6.63163E-01 
 1.53349E-07 , 5.83751E-01 , 6.66208E-01 
 1.53349E-07 , 5.80460E-01 , 6.69498E-01 
 1.53349E-07 , 5.78746E-01 , 6.71212E-01 
 1.53349E-07 , 5.77304E-01 , 6.72655E-01 
 1.53349E-07 , 5.74997E-01 , 6.74962E-01 
 1.53349E-07 , 5.72500E-01 , 6.77459E-01 
 1.53349E-07 , 5.70317E-01 , 6.79642E-01 
 1.53349E-07 , 5.68725E-01 , 6.81233E-01 
 1.53350E-07 , 5.67732E-01 , 6.82226E-01 
 1.53350E-07 , 5.67573E-01 , 6.82385E-01 
 1.53350E-07 , 5.68087E-01 , 6.81872E-01 
 1.53350E-07 , 5.69077E-01 , 6.80881E-01 
 1.53351E-07 , 5.70214E-01 , 6.79744E-01 
 1.53351E-07 , 5.71523E-01 , 6.78435E-01 
 1.53351E-07 , 5.72240E-01 , 6.77719E-01 
 1.53351E-07 , 5.72824E-01 , 6.77135E-01 
 1.53352E-07 , 5.73669E-01 , 6.76289E-01 
 1.53352E-07 , 5.74407E-01 , 6.75552E-01 
 1.53353E-07 , 5.74788E-01 , 6.75171E-01 
 1.53354E-07 , 5.74930E-01 , 6.75029E-01 
 1.53356E-07 , 5.74962E-01 , 6.74996E-01 
 1.53358E-07 , 5.74965E-01 , 6.74994E-01 
 1.53366E-07 , 5.74980E-01 , 6.74978E-01 
 1.53368E-07 , 5.74982E-01 , 6.74977E-01 
 1.53385E-07 , 5.74982E-01 , 6.74977E-01 
 1.53388E-07 , 5.74982E-01 , 6.74977E-01 
 1.59599E-07 , 5.74980E-01 , 6.74977E-01 
 1.59599E-07 , 5.75791E-01 , 6.74150E-01 
 1.59599E-07 , 5.76650E-01 , 6.73287E-01 
 1.59599E-07 , 5.77633E-01 , 6.72300E-01 
 1.59599E-07 , 5.78676E-01 , 6.71256E-01 
 1.59599E-07 , 5.80276E-01 , 6.69652E-01 
 1.59599E-07 , 5.83404E-01 , 6.66519E-01 
 1.59599E-07 , 5.87636E-01 , 6.62282E-01 
 1.59599E-07 , 5.91895E-01 , 6.58019E-01 
 1.59600E-07 , 5.95183E-01 , 6.54728E-01 
 1.59600E-07 , 5.98190E-01 , 6.51719E-01 
 1.59600E-07 , 6.00497E-01 , 6.49410E-01 
 1.59600E-07 , 6.01928E-01 , 6.47978E-01 
 1.59600E-07 , 6.02541E-01 , 6.47365E-01 
 1.59601E-07 , 6.02550E-01 , 6.47356E-01 
 1.59601E-07 , 6.02173E-01 , 6.47733E-01 
 1.59601E-07 , 6.01802E-01 , 6.48103E-01 
 1.59601E-07 , 6.01449E-01 , 6.48457E-01 
 1.59602E-07 , 6.00881E-01 , 6.49024E-01 
 1.59602E-07 , 6.00421E-01 , 6.49485E-01 
 1.59603E-07 , 6.00130E-01 , 6.49776E-01 
 1.59605E-07 , 5.99990E-01 , 6.49916E-01 
 1.59606E-07 , 5.99969E-01 , 6.49936E-01 
 1.59608E-07 , 5.99970E-01 , 6.49936E-01 
 1.59618E-07 , 5.99955E-01 , 6.49951E-01 
 1.59627E-07 , 5.99955E-01 , 6.49951E-01 
 1.59901E-07 , 5.99954E-01 , 6.49951E-01 
 1.65849E-07 , 5.99953E-01 , 6.49952E-01 
 1.65849E-07 , 6.01452E-01 , 6.48431E-01 
 1.65849E-07 , 6.02953E-01 , 6.46926E-01 
 1.65849E-07 , 6.04574E-01 , 6.45302E-01 
 1.65849E-07 , 6.06965E-01 , 6.42907E-01 
 1.65849E-07 , 6.09132E-01 , 6.40738E-01 
 1.65849E-07 , 6.12115E-01 , 6.37754E-01 
 1.65849E-07 , 6.15060E-01 , 6.34807E-01 
 1.65849E-07 , 6.16648E-01 , 6.33220E-01 
 1.65849E-07 , 6.17699E-01 , 6.32169E-01 
 1.65850E-07 , 6.18204E-01 , 6.31664E-01 
 1.65850E-07 , 6.18071E-01 , 6.31799E-01 
 1.65850E-07 , 6.17479E-01 , 6.32392E-01 
 1.65850E-07 , 6.16612E-01 , 6.33259E-01 
 1.65850E-07 , 6.15564E-01 , 6.34309E-01 
 1.65850E-07 , 6.14528E-01 , 6.35345E-01 
 1.65851E-07 , 6.13685E-01 , 6.36189E-01 
 1.65851E-07 , 6.13091E-01 , 6.36783E-01 
 1.65851E-07 , 6.12989E-01 , 6.36885E-01 
 1.65851E-07 , 6.12906E-01 , 6.36968E-01 
 1.65851E-07 , 6.12782E-01 , 6.37092E-01 
 1.65852E-07 , 6.12629E-01 , 6.37246E-01 
 1.65853E-07 , 6.12502E-01 , 6.37373E-01 
 1.65854E-07 , 6.12455E-01 , 6.37419E-01 
 1.65856E-07 , 6.12449E-01 , 6.37425E-01 
 1.65860E-07 , 6.12446E-01 , 6.37428E-01 
 1.65863E-07 , 6.12440E-01 , 6.37434E-01 
 1.65867E-07 , 6.12438E-01 , 6.37436E-01 
 1.65884E-07 , 6.12438E-01 , 6.37437E-01 
 1.72085E-07 , 6.12436E-01 , 6.37437E-01 
 1.72099E-07 , 6.12436E-01 , 6.37437E-01 
 1.72099E-07 , 6.14317E-01 , 6.35504E-01 
 1.72099E-07 , 6.16730E-01 , 6.33083E-01 
 1.72099E-07 , 6.19057E-01 , 6.30751E-01 
 1.72099E-07 , 6.21054E-01 , 6.28752E-01 
 1.72099E-07 , 6.22651E-01 , 6.27155E-01 
 1.72099E-07 , 6.24334E-01 , 6.25473E-01 
 1.72099E-07 , 6.25311E-01 , 6.24498E-01 
 1.72099E-07 , 6.25764E-01 , 6.24048E-01 
 1.72099E-07 , 6.25830E-01 , 6.23985E-01 
 1.72099E-07 , 6.25414E-01 , 6.24405E-01 
 1.72099E-07 , 6.24739E-01 , 6.25083E-01 
 1.72099E-07 , 6.23842E-01 , 6.25982E-01 
 1.72100E-07 , 6.22863E-01 , 6.26964E-01 
 1.72100E-07 , 6.21829E-01 , 6.28001E-01 
 1.72100E-07 , 6.20911E-01 , 6.28920E-01 
 1.72100E-07 , 6.20161E-01 , 6.29672E-01 
 1.72100E-07 , 6.19637E-01 , 6.30197E-01 
 1.72100E-07 , 6.19265E-01 , 6.30570E-01 
 1.72101E-07 , 6.19022E-01 , 6.30813E-01 
 1.72101E-07 , 6.18856E-01 , 6.30979E-01 
 1.72101E-07 , 6.18830E-01 , 6.31005E-01 
 1.72101E-07 , 6.18809E-01 , 6.31027E-01 
 1.72101E-07 , 6.18775E-01 , 6.31060E-01 
 1.72102E-07 , 6.18732E-01 , 6.31103E-01 
 1.72103E-07 , 6.18692E-01 , 6.31143E-01 
 1.72104E-07 , 6.18672E-01 , 6.31163E-01 
 1.72107E-07 , 6.18673E-01 , 6.31162E-01 
 1.72112E-07 , 6.18672E-01 , 6.31163E-01 
 1.72117E-07 , 6.18667E-01 , 6.31168E-01 
 1.72127E-07 , 6.18667E-01 , 6.31168E-01 
 1.72558E-07 , 6.18667E-01 , 6.31168E-01 
 1.78349E-07 , 6.18665E-01 , 6.31170E-01 
 1.78349E-07 , 6.21715E-01 , 6.28021E-01 
 1.78349E-07 , 6.24924E-01 , 6.24806E-01 
 1.78349E-07 , 6.27268E-01 , 6.22464E-01 
 1.78349E-07 , 6.28608E-01 , 6.21131E-01 
 1.78349E-07 , 6.29159E-01 , 6.20590E-01 
 1.78349E-07 , 6.28685E-01 , 6.21074E-01 
 1.78349E-07 , 6.27800E-01 , 6.21967E-01 
 1.78349E-07 , 6.27175E-01 , 6.22595E-01 
 1.78349E-07 , 6.26575E-01 , 6.23199E-01 
 1.78349E-07 , 6.25530E-01 , 6.24250E-01 
 1.78349E-07 , 6.24547E-01 , 6.25237E-01 
 1.78349E-07 , 6.23866E-01 , 6.25921E-01 
 1.78349E-07 , 6.23256E-01 , 6.26534E-01 
 1.78350E-07 , 6.22806E-01 , 6.26986E-01 
 1.78350E-07 , 6.22506E-01 , 6.27288E-01 
 1.78350E-07 , 6.22281E-01 , 6.27514E-01 
 1.78350E-07 , 6.22102E-01 , 6.27694E-01 
 1.78350E-07 , 6.21956E-01 , 6.27839E-01 
 1.78351E-07 , 6.21848E-01 , 6.27948E-01 
 1.78351E-07 , 6.21839E-01 , 6.27957E-01 
 1.78351E-07 , 6.21831E-01 , 6.27965E-01 
 1.78351E-07 , 6.21819E-01 , 6.27977E-01 
 1.78352E-07 , 6.21803E-01 , 6.27993E-01 
 1.78352E-07 , 6.21786E-01 , 6.28010E-01 
 1.78354E-07 , 6.21774E-01 , 6.28022E-01 
 1.78356E-07 , 6.21773E-01 , 6.28024E-01 
 1.78361E-07 , 6.21774E-01 , 6.28022E-01 
 1.78369E-07 , 6.21771E-01 , 6.28025E-01 
 1.79117E-07 , 6.21771E-01 , 6.28025E-01 
 1.84599E-07 , 6.21769E-01 , 6.28027E-01 
 1.84599E-07 , 6.26882E-01 , 6.22749E-01 
 1.84599E-07 , 6.28790E-01 , 6.20862E-01 
 1.84599E-07 , 6.29048E-01 , 6.20624E-01 
 1.84599E-07 , 6.28583E-01 , 6.21107E-01 
 1.84599E-07 , 6.27874E-01 , 6.21830E-01 
 1.84599E-07 , 6.27148E-01 , 6.22567E-01 
 1.84599E-07 , 6.26165E-01 , 6.23562E-01 
 1.84599E-07 , 6.25626E-01 , 6.24107E-01 
 1.84599E-07 , 6.24860E-01 , 6.24881E-01 
 1.84599E-07 , 6.24421E-01 , 6.25324E-01 
 1.84599E-07 , 6.24176E-01 , 6.25572E-01 
 1.84599E-07 , 6.23997E-01 , 6.25753E-01 
 1.84599E-07 , 6.23828E-01 , 6.25924E-01 
 1.84600E-07 , 6.23670E-01 , 6.26084E-01 
 1.84600E-07 , 6.23530E-01 , 6.26225E-01 
 1.84600E-07 , 6.23421E-01 , 6.26335E-01 
 1.84601E-07 , 6.23360E-01 , 6.26397E-01 
 1.84601E-07 , 6.23346E-01 , 6.26410E-01 
 1.84601E-07 , 6.23337E-01 , 6.26420E-01 
 1.84602E-07 , 6.23326E-01 , 6.26430E-01 
 1.84602E-07 , 6.23318E-01 , 6.26439E-01 
 1.84604E-07 , 6.23314E-01 , 6.26443E-01 
 1.84712E-07 , 6.23312E-01 , 6.26445E-01 
 1.90849E-07 , 6.23310E-01 , 6.26446E-01 
 1.90849E-07 , 6.28384E-01 , 6.21129E-01 
 1.90849E-07 , 6.28586E-01 , 6.20999E-01 
 1.90849E-07 , 6.27647E-01 , 6.21983E-01 
 1.90849E-07 , 6.26700E-01 , 6.22957E-01 
 1.90849E-07 , 6.25988E-01 , 6.23686E-01 
 1.90849E-07 , 6.25500E-01 , 6.24185E-01 
 1.90849E-07 , 6.25000E-01 , 6.24696E-01 
 1.90849E-07 , 6.24731E-01 , 6.24970E-01 
 1.90849E-07 , 6.24534E-01 , 6.25172E-01 
 1.90849E-07 , 6.24444E-01 , 6.25264E-01 
 1.90849E-07 , 6.24371E-01 , 6.25339E-01 
 1.90850E-07 , 6.24277E-01 , 6.25436E-01 
 1.90850E-07 , 6.24188E-01 , 6.25527E-01 
 1.90850E-07 , 6.24128E-01 , 6.25588E-01 
 1.90851E-07 , 6.24090E-01 , 6.25626E-01 
 1.90851E-07 , 6.24086E-01 , 6.25631E-01 
 1.90851E-07 , 6.24081E-01 , 6.25636E-01 
 1.90852E-07 , 6.24076E-01 , 6.25640E-01 
 1.90853E-07 , 6.24073E-01 , 6.25643E-01 
 1.90855E-07 , 6.24072E-01 , 6.25645E-01 
 1.90880E-07 , 6.24072E-01 , 6.25645E-01 
 2.09562E-07 , 6.24063E-01 , 6.25649E-01 
 2.09562E-07 , 6.23641E-01 , 6.25649E-01 
 2.09562E-07 , 6.23336E-01 , 6.25649E-01 
 2.09562E-07 , 6.22732E-01 , 6.25649E-01 
 2.09563E-07 , 6.21545E-01 , 6.25649E-01 
 2.09563E-07 , 6.19251E-01 , 6.25649E-01 
 2.09565E-07 , 6.14931E-01 , 6.25649E-01 
 2.09567E-07 , 6.07038E-01 , 6.25649E-01 
 2.09572E-07 , 5.92674E-01 , 6.25649E-01 
 2.09575E-07 , 5.85101E-01 , 6.25649E-01 
 2.09577E-07 , 5.79238E-01 , 6.25649E-01 
 2.09580E-07 , 5.71019E-01 , 6.25649E-01 
 2.09585E-07 , 5.54446E-01 , 6.25649E-01 
 2.09593E-07 , 5.24736E-01 , 6.25649E-01 
 2.09594E-07 , 5.18887E-01 , 6.25649E-01 
 2.09595E-07 , 5.12710E-01 , 6.25649E-01 
 2.09596E-07 , 5.07581E-01 , 6.25649E-01 
 2.09598E-07 , 4.96571E-01 , 6.25649E-01 
 2.09602E-07 , 4.70889E-01 , 6.25649E-01 
 2.09608E-07 , 4.22634E-01 , 6.25649E-01 
 2.09610E-07 , 3.98068E-01 , 6.25649E-01 
 2.09611E-07 , 3.87049E-01 , 6.25649E-01 
 2.09612E-07 , 3.82424E-01 , 6.25649E-01 
 2.09612E-07 , 3.80592E-01 , 6.25649E-01 
 2.09612E-07 , 3.79534E-01 , 6.25649E-01 
 2.09612E-07 , 3.79270E-01 , 6.25651E-01 
 2.09612E-07 , 4.12706E-01 , 7.10740E-01 
 2.09612E-07 , 4.23982E-01 , 7.17655E-01 
 2.09612E-07 , 4.32151E-01 , 7.21114E-01 
 2.09612E-07 , 4.38424E-01 , 7.22942E-01 
 2.09612E-07 , 4.43455E-01 , 7.23934E-01 
 2.09612E-07 , 4.49764E-01 , 7.24747E-01 
 2.09612E-07 , 4.53198E-01 , 7.24930E-01 
 2.09612E-07 , 4.56139E-01 , 7.24931E-01 
 2.09612E-07 , 4.59845E-01 , 7.24731E-01 
 2.09612E-07 , 4.63845E-01 , 7.24286E-01 
 2.09612E-07 , 4.67778E-01 , 7.23634E-01 
 2.09612E-07 , 4.71388E-01 , 7.22867E-01 
 2.09612E-07 , 4.74508E-01 , 7.22096E-01 
 2.09612E-07 , 4.77042E-01 , 7.21429E-01 
 2.09613E-07 , 4.79116E-01 , 7.20911E-01 
 2.09613E-07 , 4.80502E-01 , 7.20691E-01 
 2.09613E-07 , 4.81113E-01 , 7.20867E-01 
 2.09613E-07 , 4.80941E-01 , 7.21524E-01 
 2.09613E-07 , 4.79935E-01 , 7.22762E-01 
 2.09613E-07 , 4.78081E-01 , 7.24636E-01 
 2.09614E-07 , 4.75376E-01 , 7.27198E-01 
 2.09614E-07 , 4.74039E-01 , 7.28440E-01 
 2.09614E-07 , 4.72722E-01 , 7.29653E-01 
 2.09614E-07 , 4.70206E-01 , 7.31958E-01 
 2.09615E-07 , 4.65757E-01 , 7.36010E-01 
 2.09616E-07 , 4.60508E-01 , 7.40774E-01 
 2.09617E-07 , 4.55913E-01 , 7.44944E-01 
 2.09619E-07 , 4.52275E-01 , 7.48246E-01 
 2.09621E-07 , 4.49550E-01 , 7.50719E-01 
 2.09623E-07 , 4.47829E-01 , 7.52281E-01 
 2.09627E-07 , 4.46984E-01 , 7.53048E-01 
 2.09631E-07 , 4.46737E-01 , 7.53272E-01 
 2.09637E-07 , 4.46698E-01 , 7.53308E-01 
 2.09647E-07 , 4.46673E-01 , 7.53331E-01 
 2.09663E-07 , 4.46627E-01 , 7.53374E-01 
 2.09695E-07 , 4.46590E-01 , 7.53410E-01 
 2.09759E-07 , 4.46550E-01 , 7.53450E-01 
 2.10512E-07 , 4.46028E-01 , 7.53972E-01 
 2.11373E-07 , 4.45433E-01 , 7.54568E-01 
 2.13071E-07 , 4.44259E-01 , 7.55740E-01 
 2.14103E-07 , 4.43547E-01 , 7.56453E-01 
 2.15065E-07 , 4.42883E-01 , 7.57116E-01 
 2.17072E-07 , 4.41501E-01 , 7.58499E-01 
 2.17290E-07 , 4.41351E-01 , 7.58649E-01 
 2.19571E-07 , 4.39783E-01 , 7.60217E-01 
 2.22107E-07 , 4.38043E-01 , 7.61956E-01 
 2.22282E-07 , 4.37923E-01 , 7.62077E-01 
 2.24209E-07 , 4.36604E-01 , 7.63396E-01 
 2.26579E-07 , 4.34984E-01 , 7.65016E-01 
 2.28918E-07 , 4.33390E-01 , 7.66610E-01 
 2.29432E-07 , 4.33040E-01 , 7.66961E-01 
 2.31361E-07 , 4.31727E-01 , 7.68273E-01 
 2.32114E-07 , 4.31216E-01 , 7.68784E-01 
 2.33356E-07 , 4.30372E-01 , 7.69628E-01 
 2.34549E-07 , 4.29563E-01 , 7.70437E-01 
 2.34549E-07 , 4.01703E-01 , 7.42576E-01 
 2.34549E-07 , 3.97370E-01 , 7.38244E-01 
 2.34549E-07 , 3.94815E-01 , 7.35689E-01 
 2.34549E-07 , 3.93502E-01 , 7.34376E-01 
 2.34549E-07 , 3.92862E-01 , 7.33736E-01 
 2.34549E-07 , 3.92910E-01 , 7.33784E-01 
 2.34549E-07 , 3.93449E-01 , 7.34323E-01 
 2.34549E-07 , 3.95092E-01 , 7.35965E-01 
 2.34549E-07 , 3.97726E-01 , 7.38600E-01 
 2.34549E-07 , 4.01728E-01 , 7.42602E-01 
 2.34550E-07 , 4.06895E-01 , 7.47769E-01 
 2.34550E-07 , 4.12821E-01 , 7.53695E-01 
 2.34550E-07 , 4.19035E-01 , 7.59909E-01 
 2.34550E-07 , 4.25462E-01 , 7.66335E-01 
 2.34550E-07 , 4.31579E-01 , 7.72452E-01 
 2.34550E-07 , 4.35738E-01 , 7.76611E-01 
 2.34551E-07 , 4.39299E-01 , 7.80172E-01 
 2.34551E-07 , 4.42450E-01 , 7.83323E-01 
 2.34551E-07 , 4.45155E-01 , 7.86029E-01 
 2.34551E-07 , 4.47076E-01 , 7.87949E-01 
 2.34552E-07 , 4.49710E-01 , 7.90584E-01 
 2.34552E-07 , 4.51076E-01 , 7.91950E-01 
 2.34552E-07 , 4.52055E-01 , 7.92928E-01 
 2.34552E-07 , 4.52877E-01 , 7.93750E-01 
 2.34553E-07 , 4.53506E-01 , 7.94379E-01 
 2.34553E-07 , 4.53961E-01 , 7.94834E-01 
 2.34554E-07 , 4.54267E-01 , 7.95140E-01 
 2.34555E-07 , 4.54445E-01 , 7.95319E-01 
 2.34556E-07 , 4.54531E-01 , 7.95405E-01 
 2.34558E-07 , 4.54552E-01 , 7.95425E-01 
 2.34560E-07 , 4.54552E-01 , 7.95425E-01 
 2.34564E-07 , 4.54557E-01 , 7.95430E-01 
 2.34570E-07 , 4.54563E-01 , 7.95436E-01 
 2.34582E-07 , 4.54563E-01 , 7.95437E-01 
 2.34585E-07 , 4.54563E-01 , 7.95437E-01 
 2.40832E-07 , 4.54565E-01 , 7.95435E-01 
 2.40847E-07 , 4.54567E-01 , 7.95435E-01 
 2.40848E-07 , 4.54569E-01 , 7.95435E-01 
 2.40849E-07 , 4.54571E-01 , 7.95435E-01 
 2.40849E-07 , 4.54576E-01 , 7.95435E-01 
 2.40849E-07 , 4.54583E-01 , 7.95435E-01 
 2.40849E-07 , 4.54597E-01 , 7.95435E-01 
 2.40849E-07 , 4.54652E-01 , 7.95434E-01 
 2.40849E-07 , 7.93168E-01 , 7.34067E-01 
 2.40849E-07 , 7.81926E-01 , 7.22816E-01 
 2.40849E-07 , 7.73619E-01 , 7.14504E-01 
 2.40849E-07 , 7.66987E-01 , 7.07870E-01 
 2.40849E-07 , 7.58551E-01 , 6.99432E-01 
 2.40849E-07 , 7.51642E-01 , 6.92521E-01 
 2.40849E-07 , 7.44011E-01 , 6.84890E-01 
 2.40849E-07 , 7.36091E-01 , 6.76968E-01 
 2.40849E-07 , 7.29378E-01 , 6.70255E-01 
 2.40849E-07 , 7.21401E-01 , 6.62277E-01 
 2.40850E-07 , 7.12038E-01 , 6.52914E-01 
 2.40850E-07 , 7.03703E-01 , 6.44579E-01 
 2.40850E-07 , 6.95203E-01 , 6.36078E-01 
 2.40850E-07 , 6.85915E-01 , 6.26789E-01 
 2.40850E-07 , 6.77796E-01 , 6.18670E-01 
 2.40850E-07 , 6.73013E-01 , 6.13887E-01 
 2.40851E-07 , 6.67631E-01 , 6.08505E-01 
 2.40851E-07 , 6.64317E-01 , 6.05190E-01 
 2.40851E-07 , 6.62863E-01 , 6.03736E-01 
 2.40851E-07 , 6.61635E-01 , 6.02509E-01 
 2.40851E-07 , 6.59704E-01 , 6.00578E-01 
 2.40852E-07 , 6.58093E-01 , 5.98967E-01 
 2.40852E-07 , 6.56850E-01 , 5.97723E-01 
 2.40853E-07 , 6.55805E-01 , 5.96678E-01 
 2.40853E-07 , 6.55136E-01 , 5.96009E-01 
 2.40854E-07 , 6.54769E-01 , 5.95642E-01 
 2.40855E-07 , 6.54616E-01 , 5.95490E-01 
 2.40857E-07 , 6.54585E-01 , 5.95459E-01 
 2.40867E-07 , 6.54564E-01 , 5.95437E-01 
 2.40870E-07 , 6.54563E-01 , 5.95436E-01 
 2.41446E-07 , 6.54563E-01 , 5.95437E-01 
 2.47099E-07 , 6.54559E-01 , 5.95440E-01 
 2.47099E-07 , 6.54558E-01 , 5.95440E-01 
 2.47099E-07 , 6.25942E-01 , 6.24057E-01 
 2.47099E-07 , 6.19829E-01 , 6.30169E-01 
 2.47099E-07 , 6.15106E-01 , 6.34893E-01 
 2.47099E-07 , 6.11473E-01 , 6.38526E-01 
 2.47099E-07 , 6.07235E-01 , 6.42763E-01 
 2.47099E-07 , 6.04863E-01 , 6.45135E-01 
 2.47099E-07 , 6.02748E-01 , 6.47250E-01 
 2.47099E-07 , 5.99066E-01 , 6.50932E-01 
 2.47099E-07 , 5.93791E-01 , 6.56208E-01 
 2.47099E-07 , 5.88953E-01 , 6.61045E-01 
 2.47099E-07 , 5.84085E-01 , 6.65914E-01 
 2.47100E-07 , 5.79422E-01 , 6.70577E-01 
 2.47100E-07 , 5.74572E-01 , 6.75426E-01 
 2.47100E-07 , 5.69242E-01 , 6.80757E-01 
 2.47100E-07 , 5.65872E-01 , 6.84126E-01 
 2.47100E-07 , 5.63127E-01 , 6.86872E-01 
 2.47101E-07 , 5.60781E-01 , 6.89218E-01 
 2.47101E-07 , 5.58891E-01 , 6.91108E-01 
 2.47101E-07 , 5.58419E-01 , 6.91580E-01 
 2.47101E-07 , 5.57626E-01 , 6.92373E-01 
 2.47102E-07 , 5.56497E-01 , 6.93502E-01 
 2.47102E-07 , 5.55673E-01 , 6.94326E-01 
 2.47103E-07 , 5.55120E-01 , 6.94879E-01 
 2.47104E-07 , 5.54767E-01 , 6.95232E-01 
 2.47105E-07 , 5.54614E-01 , 6.95384E-01 
 2.47106E-07 , 5.54580E-01 , 6.95419E-01 
 2.47109E-07 , 5.54577E-01 , 6.95422E-01 
 2.47117E-07 , 5.54561E-01 , 6.95437E-01 
 2.47117E-07 , 5.54560E-01 , 6.95438E-01 
 2.47119E-07 , 5.54560E-01 , 6.95438E-01 
 2.47122E-07 , 5.54560E-01 , 6.95438E-01 
 2.47282E-07 , 5.54559E-01 , 6.95438E-01 
 2.47780E-07 , 5.54558E-01 , 6.95436E-01 
 2.53349E-07 , 5.54538E-01 , 6.95420E-01 
 2.53349E-07 , 5.55281E-01 , 6.94693E-01 
 2.53349E-07 , 5.55792E-01 , 6.94185E-01 
 2.53349E-07 , 5.56670E-01 , 6.93311E-01 
 2.53349E-07 , 5.58290E-01 , 6.91695E-01 
 2.53349E-07 , 5.60700E-01 , 6.89289E-01 
 2.53349E-07 , 5.64896E-01 , 6.85098E-01 
 2.53350E-07 , 5.71211E-01 , 6.78787E-01 
 2.53350E-07 , 5.77110E-01 , 6.72893E-01 
 2.53350E-07 , 5.82608E-01 , 6.67397E-01 
 2.53350E-07 , 5.87671E-01 , 6.62336E-01 
 2.53350E-07 , 5.91922E-01 , 6.58087E-01 
 2.53351E-07 , 5.95457E-01 , 6.54554E-01 
 2.53351E-07 , 5.97805E-01 , 6.52206E-01 
 2.53351E-07 , 5.99556E-01 , 6.50455E-01 
 2.53352E-07 , 6.01330E-01 , 6.48681E-01 
 2.53352E-07 , 6.02602E-01 , 6.47410E-01 
 2.53353E-07 , 6.03460E-01 , 6.46552E-01 
 2.53353E-07 , 6.04072E-01 , 6.45940E-01 
 2.53354E-07 , 6.04385E-01 , 6.45626E-01 
 2.53355E-07 , 6.04517E-01 , 6.45494E-01 
 2.53357E-07 , 6.04545E-01 , 6.45466E-01 
 2.53359E-07 , 6.04549E-01 , 6.45463E-01 
 2.53367E-07 , 6.04564E-01 , 6.45448E-01 
 2.53370E-07 , 6.04566E-01 , 6.45446E-01 
 2.53420E-07 , 6.04565E-01 , 6.45447E-01 
 2.59599E-07 , 6.04576E-01 , 6.45461E-01 
 2.59599E-07 , 6.05381E-01 , 6.44629E-01 
 2.59599E-07 , 6.06239E-01 , 6.43765E-01 
 2.59599E-07 , 6.07222E-01 , 6.42778E-01 
 2.59599E-07 , 6.08264E-01 , 6.41733E-01 
 2.59599E-07 , 6.09864E-01 , 6.40129E-01 
 2.59599E-07 , 6.12993E-01 , 6.36996E-01 
 2.59599E-07 , 6.17225E-01 , 6.32760E-01 
 2.59599E-07 , 6.21485E-01 , 6.28498E-01 
 2.59600E-07 , 6.24774E-01 , 6.25208E-01 
 2.59600E-07 , 6.27958E-01 , 6.22025E-01 
 2.59600E-07 , 6.30195E-01 , 6.19789E-01 
 2.59600E-07 , 6.31523E-01 , 6.18461E-01 
 2.59600E-07 , 6.32134E-01 , 6.17852E-01 
 2.59601E-07 , 6.32138E-01 , 6.17850E-01 
 2.59601E-07 , 6.31740E-01 , 6.18249E-01 
 2.59601E-07 , 6.31400E-01 , 6.18590E-01 
 2.59601E-07 , 6.31075E-01 , 6.18915E-01 
 2.59602E-07 , 6.30572E-01 , 6.19419E-01 
 2.59602E-07 , 6.30150E-01 , 6.19841E-01 
 2.59603E-07 , 6.29858E-01 , 6.20134E-01 
 2.59604E-07 , 6.29651E-01 , 6.20341E-01 
 2.59605E-07 , 6.29575E-01 , 6.20417E-01 
 2.59607E-07 , 6.29565E-01 , 6.20427E-01 
 2.59610E-07 , 6.29566E-01 , 6.20426E-01 
 2.59614E-07 , 6.29559E-01 , 6.20434E-01 
 2.59618E-07 , 6.29554E-01 , 6.20439E-01 
 2.59628E-07 , 6.29553E-01 , 6.20439E-01 
 2.60729E-07 , 6.29555E-01 , 6.20441E-01 
 2.65849E-07 , 6.29561E-01 , 6.20453E-01 
 2.65849E-07 , 6.02871E-01 , 6.47143E-01 
 2.65849E-07 , 5.99540E-01 , 6.50474E-01 
 2.65849E-07 , 5.97966E-01 , 6.52048E-01 
 2.65849E-07 , 5.97598E-01 , 6.52416E-01 
 2.65849E-07 , 5.97900E-01 , 6.52114E-01 
 2.65849E-07 , 5.98546E-01 , 6.51468E-01 
 2.65849E-07 , 5.99814E-01 , 6.50200E-01 
 2.65849E-07 , 6.01663E-01 , 6.48351E-01 
 2.65849E-07 , 6.03904E-01 , 6.46110E-01 
 2.65849E-07 , 6.06281E-01 , 6.43733E-01 
 2.65849E-07 , 6.08554E-01 , 6.41460E-01 
 2.65850E-07 , 6.10546E-01 , 6.39468E-01 
 2.65850E-07 , 6.12326E-01 , 6.37688E-01 
 2.65850E-07 , 6.13641E-01 , 6.36373E-01 
 2.65850E-07 , 6.14702E-01 , 6.35312E-01 
 2.65850E-07 , 6.15465E-01 , 6.34549E-01 
 2.65850E-07 , 6.16020E-01 , 6.33994E-01 
 2.65851E-07 , 6.16414E-01 , 6.33600E-01 
 2.65851E-07 , 6.16695E-01 , 6.33319E-01 
 2.65851E-07 , 6.16756E-01 , 6.33258E-01 
 2.65851E-07 , 6.16806E-01 , 6.33208E-01 
 2.65851E-07 , 6.16879E-01 , 6.33135E-01 
 2.65852E-07 , 6.16965E-01 , 6.33049E-01 
 2.65853E-07 , 6.17033E-01 , 6.32981E-01 
 2.65855E-07 , 6.17054E-01 , 6.32960E-01 
 2.65858E-07 , 6.17052E-01 , 6.32962E-01 
 2.65868E-07 , 6.17062E-01 , 6.32952E-01 
 2.65897E-07 , 6.17062E-01 , 6.32952E-01 
 2.72099E-07 , 6.17083E-01 , 6.32978E-01 
 2.72099E-07 , 6.18958E-01 , 6.31038E-01 
 2.72099E-07 , 6.21369E-01 , 6.28616E-01 
 2.72099E-07 , 6.23696E-01 , 6.26283E-01 
 2.72099E-07 , 6.25694E-01 , 6.24284E-01 
 2.72099E-07 , 6.27291E-01 , 6.22688E-01 
 2.72099E-07 , 6.28975E-01 , 6.21007E-01 
 2.72099E-07 , 6.29954E-01 , 6.20034E-01 
 2.72099E-07 , 6.30408E-01 , 6.19584E-01 
 2.72099E-07 , 6.30498E-01 , 6.19499E-01 
 2.72099E-07 , 6.30262E-01 , 6.19739E-01 
 2.72099E-07 , 6.29665E-01 , 6.20343E-01 
 2.72099E-07 , 6.28935E-01 , 6.21078E-01 
 2.72099E-07 , 6.28055E-01 , 6.21962E-01 
 2.72100E-07 , 6.27022E-01 , 6.23000E-01 
 2.72100E-07 , 6.26022E-01 , 6.24004E-01 
 2.72100E-07 , 6.25197E-01 , 6.24832E-01 
 2.72100E-07 , 6.24561E-01 , 6.25470E-01 
 2.72100E-07 , 6.24113E-01 , 6.25920E-01 
 2.72100E-07 , 6.23810E-01 , 6.26223E-01 
 2.72101E-07 , 6.23604E-01 , 6.26430E-01 
 2.72101E-07 , 6.23494E-01 , 6.26540E-01 
 2.72101E-07 , 6.23429E-01 , 6.26605E-01 
 2.72102E-07 , 6.23365E-01 , 6.26669E-01 
 2.72104E-07 , 6.23331E-01 , 6.26704E-01 
 2.72106E-07 , 6.23328E-01 , 6.26706E-01 
 2.72110E-07 , 6.23328E-01 , 6.26707E-01 
 2.72114E-07 , 6.23322E-01 , 6.26712E-01 
 2.72117E-07 , 6.23320E-01 , 6.26715E-01 
 2.72133E-07 , 6.23320E-01 , 6.26715E-01 
 2.78349E-07 , 6.23340E-01 , 6.26740E-01 
 2.78349E-07 , 6.26386E-01 , 6.23587E-01 
 2.78349E-07 , 6.29596E-01 , 6.20372E-01 
 2.78349E-07 , 6.31940E-01 , 6.18031E-01 
 2.78349E-07 , 6.33280E-01 , 6.16698E-01 
 2.78349E-07 , 6.33798E-01 , 6.16190E-01 
 2.78349E-07 , 6.33579E-01 , 6.16422E-01 
 2.78349E-07 , 6.32785E-01 , 6.17226E-01 
 2.78349E-07 , 6.32170E-01 , 6.17848E-01 
 2.78349E-07 , 6.31554E-01 , 6.18468E-01 
 2.78349E-07 , 6.30707E-01 , 6.19321E-01 
 2.78349E-07 , 6.29779E-01 , 6.20255E-01 
 2.78349E-07 , 6.28929E-01 , 6.21111E-01 
 2.78349E-07 , 6.28250E-01 , 6.21794E-01 
 2.78350E-07 , 6.27705E-01 , 6.22343E-01 
 2.78350E-07 , 6.27329E-01 , 6.22722E-01 
 2.78350E-07 , 6.27066E-01 , 6.22987E-01 
 2.78350E-07 , 6.26868E-01 , 6.23186E-01 
 2.78350E-07 , 6.26709E-01 , 6.23347E-01 
 2.78351E-07 , 6.26579E-01 , 6.23477E-01 
 2.78351E-07 , 6.26526E-01 , 6.23531E-01 
 2.78351E-07 , 6.26496E-01 , 6.23560E-01 
 2.78352E-07 , 6.26470E-01 , 6.23587E-01 
 2.78354E-07 , 6.26458E-01 , 6.23599E-01 
 2.78357E-07 , 6.26458E-01 , 6.23598E-01 
 2.78377E-07 , 6.26454E-01 , 6.23603E-01 
 2.79180E-07 , 6.26456E-01 , 6.23606E-01 
 2.84599E-07 , 6.26473E-01 , 6.23629E-01 
 2.84599E-07 , 6.10894E-01 , 6.39207E-01 
 2.84599E-07 , 6.15588E-01 , 6.34514E-01 
 2.84599E-07 , 6.18637E-01 , 6.31465E-01 
 2.84599E-07 , 6.20555E-01 , 6.29547E-01 
 2.84599E-07 , 6.21756E-01 , 6.28346E-01 
 2.84599E-07 , 6.22517E-01 , 6.27584E-01 
 2.84599E-07 , 6.23277E-01 , 6.26825E-01 
 2.84599E-07 , 6.23687E-01 , 6.26415E-01 
 2.84599E-07 , 6.24016E-01 , 6.26086E-01 
 2.84599E-07 , 6.24189E-01 , 6.25913E-01 
 2.84599E-07 , 6.24330E-01 , 6.25771E-01 
 2.84600E-07 , 6.24509E-01 , 6.25592E-01 
 2.84600E-07 , 6.24668E-01 , 6.25434E-01 
 2.84600E-07 , 6.24781E-01 , 6.25321E-01 
 2.84601E-07 , 6.24851E-01 , 6.25250E-01 
 2.84601E-07 , 6.24878E-01 , 6.25224E-01 
 2.84601E-07 , 6.24893E-01 , 6.25209E-01 
 2.84602E-07 , 6.24905E-01 , 6.25197E-01 
 2.84604E-07 , 6.24910E-01 , 6.25192E-01 
 2.84608E-07 , 6.24909E-01 , 6.25193E-01 
 2.84622E-07 , 6.24911E-01 , 6.25191E-01 
 2.90849E-07 , 6.24943E-01 , 6.25227E-01 
 2.90849E-07 , 6.29994E-01 , 6.19887E-01 
 2.90849E-07 , 6.30207E-01 , 6.19769E-01 
 2.90849E-07 , 6.29275E-01 , 6.20760E-01 
 2.90849E-07 , 6.28333E-01 , 6.21738E-01 
 2.90849E-07 , 6.27623E-01 , 6.22469E-01 
 2.90849E-07 , 6.27136E-01 , 6.22970E-01 
 2.90849E-07 , 6.26637E-01 , 6.23481E-01 
 2.90849E-07 , 6.26369E-01 , 6.23757E-01 
 2.90849E-07 , 6.26172E-01 , 6.23958E-01 
 2.90849E-07 , 6.26083E-01 , 6.24051E-01 
 2.90849E-07 , 6.26010E-01 , 6.24126E-01 
 2.90850E-07 , 6.25917E-01 , 6.24223E-01 
 2.90850E-07 , 6.25828E-01 , 6.24315E-01 
 2.90850E-07 , 6.25769E-01 , 6.24376E-01 
 2.90851E-07 , 6.25731E-01 , 6.24415E-01 
 2.90851E-07 , 6.25726E-01 , 6.24419E-01 
 2.90851E-07 , 6.25721E-01 , 6.24424E-01 
 2.90852E-07 , 6.25717E-01 , 6.24429E-01 
 2.90853E-07 , 6.25714E-01 , 6.24432E-01 
 2.90855E-07 , 6.25713E-01 , 6.24433E-01 
 2.90880E-07 , 6.25712E-01 , 6.24434E-01 
 3.09592E-07 , 6.25804E-01 , 6.24544E-01 
 3.09602E-07 , 6.25803E-01 , 6.24544E-01 
 3.09603E-07 , 6.25801E-01 , 6.24544E-01 
 3.09603E-07 , 6.25799E-01 , 6.24544E-01 
 3.09603E-07 , 6.25794E-01 , 6.24544E-01 
 3.09603E-07 , 6.25786E-01 , 6.24544E-01 
 3.09603E-07 , 6.25775E-01 , 6.24545E-01 
 3.09604E-07 , 6.25723E-01 , 6.24548E-01 
 3.09604E-07 , 4.11351E-01 , 7.11879E-01 
 3.09604E-07 , 4.16660E-01 , 7.24801E-01 
 3.09604E-07 , 4.19505E-01 , 7.33623E-01 
 3.09604E-07 , 4.21069E-01 , 7.40193E-01 
 3.09604E-07 , 4.21924E-01 , 7.45386E-01 
 3.09604E-07 , 4.22359E-01 , 7.49661E-01 
 3.09604E-07 , 4.22635E-01 , 7.55134E-01 
 3.09604E-07 , 4.22602E-01 , 7.58187E-01 
 3.09604E-07 , 4.22335E-01 , 7.62061E-01 
 3.09604E-07 , 4.21751E-01 , 7.66279E-01 
 3.09604E-07 , 4.21036E-01 , 7.69734E-01 
 3.09604E-07 , 4.20074E-01 , 7.73293E-01 
 3.09604E-07 , 4.18914E-01 , 7.76755E-01 
 3.09604E-07 , 4.17447E-01 , 7.80389E-01 
 3.09604E-07 , 4.15790E-01 , 7.83839E-01 
 3.09604E-07 , 4.14176E-01 , 7.86699E-01 
 3.09604E-07 , 4.12486E-01 , 7.89272E-01 
 3.09605E-07 , 4.10637E-01 , 7.91705E-01 
 3.09605E-07 , 4.08570E-01 , 7.94086E-01 
 3.09605E-07 , 4.05907E-01 , 7.96824E-01 
 3.09605E-07 , 4.02929E-01 , 7.99648E-01 
 3.09606E-07 , 4.01761E-01 , 8.00720E-01 
 3.09606E-07 , 4.00657E-01 , 8.01721E-01 
 3.09606E-07 , 3.98625E-01 , 8.03542E-01 
 3.09607E-07 , 3.95157E-01 , 8.06611E-01 
 3.09608E-07 , 3.90832E-01 , 8.10412E-01 
 3.09609E-07 , 3.87069E-01 , 8.13717E-01 
 3.09611E-07 , 3.84237E-01 , 8.16206E-01 
 3.09613E-07 , 3.82251E-01 , 8.17951E-01 
 3.09616E-07 , 3.81144E-01 , 8.18924E-01 
 3.09620E-07 , 3.80730E-01 , 8.19287E-01 
 3.09626E-07 , 3.80651E-01 , 8.19357E-01 
 3.09634E-07 , 3.80634E-01 , 8.19372E-01 
 3.09647E-07 , 3.80594E-01 , 8.19409E-01 
 3.09674E-07 , 3.80551E-01 , 8.19449E-01 
 3.09797E-07 , 3.80478E-01 , 8.19522E-01 
 3.09926E-07 , 3.80396E-01 , 8.19603E-01 
 3.10184E-07 , 3.80235E-01 , 8.19765E-01 
 3.10700E-07 , 3.79913E-01 , 8.20087E-01 
 3.12754E-07 , 3.78633E-01 , 8.21367E-01 
 3.13064E-07 , 3.78440E-01 , 8.21560E-01 
 3.14077E-07 , 3.77811E-01 , 8.22189E-01 
 3.15022E-07 , 3.77224E-01 , 8.22776E-01 
 3.16539E-07 , 3.76284E-01 , 8.23716E-01 
 3.17172E-07 , 3.75891E-01 , 8.24108E-01 
 3.18784E-07 , 3.74895E-01 , 8.25105E-01 
 3.19125E-07 , 3.74685E-01 , 8.25315E-01 
 3.20206E-07 , 3.74018E-01 , 8.25982E-01 
 3.22668E-07 , 3.72504E-01 , 8.27496E-01 
 3.24209E-07 , 3.71558E-01 , 8.28441E-01 
 3.25034E-07 , 3.71053E-01 , 8.28947E-01 
 3.25903E-07 , 3.70521E-01 , 8.29479E-01 
 3.26579E-07 , 3.70108E-01 , 8.29892E-01 
 3.27526E-07 , 3.69529E-01 , 8.30470E-01 
 3.28918E-07 , 3.68681E-01 , 8.31319E-01 
 3.29432E-07 , 3.68368E-01 , 8.31631E-01 
 3.31270E-07 , 3.67252E-01 , 8.32749E-01 
 3.31803E-07 , 3.66927E-01 , 8.33072E-01 
 3.33356E-07 , 3.65986E-01 , 8.34014E-01 
 3.34549E-07 , 3.65265E-01 , 8.34735E-01 
 3.34549E-07 , 3.37405E-01 , 8.06875E-01 
 3.34549E-07 , 3.33072E-01 , 8.02542E-01 
 3.34549E-07 , 3.30517E-01 , 7.99987E-01 
 3.34549E-07 , 3.29204E-01 , 7.98674E-01 
 3.34549E-07 , 3.28564E-01 , 7.98034E-01 
 3.34549E-07 , 3.28612E-01 , 7.98082E-01 
 3.34549E-07 , 3.29151E-01 , 7.98621E-01 
 3.34549E-07 , 3.30794E-01 , 8.00264E-01 
 3.34549E-07 , 3.33428E-01 , 8.02898E-01 
 3.34549E-07 , 3.37430E-01 , 8.06900E-01 
 3.34550E-07 , 3.42597E-01 , 8.12067E-01 
 3.34550E-07 , 3.48523E-01 , 8.17993E-01 
 3.34550E-07 , 3.54737E-01 , 8.24207E-01 
 3.34550E-07 , 3.61163E-01 , 8.30633E-01 
 3.34550E-07 , 3.67281E-01 , 8.36751E-01 
 3.34550E-07 , 3.71439E-01 , 8.40909E-01 
 3.34551E-07 , 3.75000E-01 , 8.44470E-01 
 3.34551E-07 , 3.78152E-01 , 8.47622E-01 
 3.34551E-07 , 3.80857E-01 , 8.50327E-01 
 3.34551E-07 , 3.82778E-01 , 8.52247E-01 
 3.34552E-07 , 3.85412E-01 , 8.54882E-01 
 3.34552E-07 , 3.86778E-01 , 8.56248E-01 
 3.34552E-07 , 3.87756E-01 , 8.57226E-01 
 3.34552E-07 , 3.88579E-01 , 8.58048E-01 
 3.34553E-07 , 3.89208E-01 , 8.58678E-01 
 3.34553E-07 , 3.89663E-01 , 8.59132E-01 
 3.34554E-07 , 3.89969E-01 , 8.59438E-01 
 3.34555E-07 , 3.90147E-01 , 8.59617E-01 
 3.34556E-07 , 3.90233E-01 , 8.59703E-01 
 3.34558E-07 , 3.90254E-01 , 8.59724E-01 
 3.34560E-07 , 3.90254E-01 , 8.59723E-01 
 3.34564E-07 , 3.90259E-01 , 8.59728E-01 
 3.34570E-07 , 3.90265E-01 , 8.59735E-01 
 3.34582E-07 , 3.90265E-01 , 8.59735E-01 
 3.34585E-07 , 3.90265E-01 , 8.59735E-01 
 3.40832E-07 , 3.90267E-01 , 8.59733E-01 
 3.40847E-07 , 3.90269E-01 , 8.59733E-01 
 3.40848E-07 , 3.90271E-01 , 8.59733E-01 
 3.40849E-07 , 3.90273E-01 , 8.59733E-01 
 3.40849E-07 , 3.90277E-01 , 8.59733E-01 
 3.40849E-07 , 3.90285E-01 , 8.59733E-01 
 3.40849E-07 , 3.90299E-01 , 8.59733E-01 
 3.40849E-07 , 3.90353E-01 , 8.59732E-01 
 3.40849E-07 , 7.28870E-01 , 7.98365E-01 
 3.40849E-07 , 7.17628E-01 , 7.87114E-01 
 3.40849E-07 , 7.09321E-01 , 7.78803E-01 
 3.40849E-07 , 7.02689E-01 , 7.72169E-01 
 3.40849E-07 , 6.94253E-01 , 7.63730E-01 
 3.40849E-07 , 6.87344E-01 , 7.56819E-01 
 3.40849E-07 , 6.79713E-01 , 7.49188E-01 
 3.40849E-07 , 6.71793E-01 , 7.41267E-01 
 3.40849E-07 , 6.65080E-01 , 7.34553E-01 
 3.40849E-07 , 6.57102E-01 , 7.26575E-01 
 3.40850E-07 , 6.47740E-01 , 7.17212E-01 
 3.40850E-07 , 6.40097E-01 , 7.09569E-01 
 3.40850E-07 , 6.32007E-01 , 7.01479E-01 
 3.40850E-07 , 6.22845E-01 , 6.92316E-01 
 3.40850E-07 , 6.14983E-01 , 6.84454E-01 
 3.40850E-07 , 6.10354E-01 , 6.79825E-01 
 3.40851E-07 , 6.04989E-01 , 6.74459E-01 
 3.40851E-07 , 6.01501E-01 , 6.70972E-01 
 3.40851E-07 , 5.98869E-01 , 6.68339E-01 
 3.40851E-07 , 5.98484E-01 , 6.67954E-01 
 3.40851E-07 , 5.98118E-01 , 6.67588E-01 
 3.40851E-07 , 5.97435E-01 , 6.66905E-01 
 3.40851E-07 , 5.96245E-01 , 6.65715E-01 
 3.40852E-07 , 5.94422E-01 , 6.63892E-01 
 3.40852E-07 , 5.93022E-01 , 6.62492E-01 
 3.40852E-07 , 5.91968E-01 , 6.61438E-01 
 3.40853E-07 , 5.91135E-01 , 6.60605E-01 
 3.40854E-07 , 5.90623E-01 , 6.60093E-01 
 3.40855E-07 , 5.90370E-01 , 6.59840E-01 
 3.40856E-07 , 5.90295E-01 , 6.59765E-01 
 3.40858E-07 , 5.90284E-01 , 6.59754E-01 
 3.40861E-07 , 5.90279E-01 , 6.59748E-01 
 3.40865E-07 , 5.90269E-01 , 6.59739E-01 
 3.40867E-07 , 5.90266E-01 , 6.59736E-01 
 3.40869E-07 , 5.90265E-01 , 6.59735E-01 
 3.41097E-07 , 5.90265E-01 , 6.59735E-01 
 3.47099E-07 , 5.90263E-01 , 6.59738E-01 
 3.47099E-07 , 5.90264E-01 , 6.59738E-01 
 3.47099E-07 , 6.46914E-01 , 6.59153E-01 
 3.47099E-07 , 6.58252E-01 , 6.58266E-01 
 3.47099E-07 , 6.66634E-01 , 6.57201E-01 
 3.47099E-07 , 6.72724E-01 , 6.56025E-01 
 3.47099E-07 , 6.79305E-01 , 6.54132E-01 
 3.47099E-07 , 6.82734E-01 , 6.52816E-01 
 3.47099E-07 , 6.86892E-01 , 6.50789E-01 
 3.47099E-07 , 6.91195E-01 , 6.48026E-01 
 3.47099E-07 , 6.95216E-01 , 6.44531E-01 
 3.47099E-07 , 6.98672E-01 , 6.40342E-01 
 3.47099E-07 , 7.01713E-01 , 6.34856E-01 
 3.47100E-07 , 7.03869E-01 , 6.28267E-01 
 3.47100E-07 , 7.04911E-01 , 6.21457E-01 
 3.47100E-07 , 7.05043E-01 , 6.13528E-01 
 3.47100E-07 , 7.04231E-01 , 6.05033E-01 
 3.47100E-07 , 7.02750E-01 , 5.96934E-01 
 3.47100E-07 , 7.00912E-01 , 5.89523E-01 
 3.47101E-07 , 6.99463E-01 , 5.84562E-01 
 3.47101E-07 , 6.97405E-01 , 5.78254E-01 
 3.47101E-07 , 6.95941E-01 , 5.74124E-01 
 3.47101E-07 , 6.95715E-01 , 5.73508E-01 
 3.47101E-07 , 6.95497E-01 , 5.72919E-01 
 3.47101E-07 , 6.95084E-01 , 5.71815E-01 
 3.47101E-07 , 6.94345E-01 , 5.69871E-01 
 3.47102E-07 , 6.93165E-01 , 5.66847E-01 
 3.47102E-07 , 6.92286E-01 , 5.64649E-01 
 3.47102E-07 , 6.91603E-01 , 5.62971E-01 
 3.47103E-07 , 6.91040E-01 , 5.61606E-01 
 3.47103E-07 , 6.90641E-01 , 5.60646E-01 
 3.47104E-07 , 6.90408E-01 , 5.60089E-01 
 3.47105E-07 , 6.90304E-01 , 5.59839E-01 
 3.47107E-07 , 6.90275E-01 , 5.59769E-01 
 3.47109E-07 , 6.90271E-01 , 5.59760E-01 
 3.47117E-07 , 6.90263E-01 , 5.59738E-01 
 3.47118E-07 , 6.90262E-01 , 5.59738E-01 
 3.47119E-07 , 6.90262E-01 , 5.59737E-01 
 3.47134E-07 , 6.90262E-01 , 5.59737E-01 
 3.47154E-07 , 6.90262E-01 , 5.59737E-01 
 3.53349E-07 , 6.90256E-01 , 5.59742E-01 
 3.53349E-07 , 6.61932E-01 , 5.88066E-01 
 3.53349E-07 , 6.56263E-01 , 5.93735E-01 
 3.53349E-07 , 6.52072E-01 , 5.97926E-01 
 3.53349E-07 , 6.49027E-01 , 6.00971E-01 
 3.53349E-07 , 6.45736E-01 , 6.04262E-01 
 3.53349E-07 , 6.44022E-01 , 6.05976E-01 
 3.53349E-07 , 6.42580E-01 , 6.07418E-01 
 3.53349E-07 , 6.40272E-01 , 6.09726E-01 
 3.53349E-07 , 6.37776E-01 , 6.12222E-01 
 3.53349E-07 , 6.35593E-01 , 6.14405E-01 
 3.53349E-07 , 6.34001E-01 , 6.15997E-01 
 3.53350E-07 , 6.33047E-01 , 6.16951E-01 
 3.53350E-07 , 6.32833E-01 , 6.17165E-01 
 3.53350E-07 , 6.33294E-01 , 6.16704E-01 
 3.53350E-07 , 6.34222E-01 , 6.15776E-01 
 3.53350E-07 , 6.35190E-01 , 6.14808E-01 
 3.53351E-07 , 6.36253E-01 , 6.13745E-01 
 3.53351E-07 , 6.37338E-01 , 6.12660E-01 
 3.53351E-07 , 6.37510E-01 , 6.12488E-01 
 3.53351E-07 , 6.37674E-01 , 6.12324E-01 
 3.53351E-07 , 6.37975E-01 , 6.12023E-01 
 3.53351E-07 , 6.38484E-01 , 6.11514E-01 
 3.53352E-07 , 6.39171E-01 , 6.10827E-01 
 3.53353E-07 , 6.39722E-01 , 6.10276E-01 
 3.53353E-07 , 6.40052E-01 , 6.09946E-01 
 3.53355E-07 , 6.40213E-01 , 6.09785E-01 
 3.53356E-07 , 6.40241E-01 , 6.09757E-01 
 3.53358E-07 , 6.40243E-01 , 6.09755E-01 
 3.53367E-07 , 6.40257E-01 , 6.09740E-01 
 3.53377E-07 , 6.40258E-01 , 6.09740E-01 
 3.53687E-07 , 6.40257E-01 , 6.09740E-01 
 3.59599E-07 , 6.40240E-01 , 6.09731E-01 
 3.59599E-07 , 6.12046E-01 , 6.37925E-01 
 3.59599E-07 , 6.07251E-01 , 6.42720E-01 
 3.59599E-07 , 6.04154E-01 , 6.45817E-01 
 3.59599E-07 , 6.02248E-01 , 6.47723E-01 
 3.59599E-07 , 6.00657E-01 , 6.49315E-01 
 3.59599E-07 , 6.00044E-01 , 6.49927E-01 
 3.59599E-07 , 5.99568E-01 , 6.50403E-01 
 3.59599E-07 , 5.99479E-01 , 6.50492E-01 
 3.59599E-07 , 6.00015E-01 , 6.49956E-01 
 3.59599E-07 , 6.01244E-01 , 6.48727E-01 
 3.59600E-07 , 6.03239E-01 , 6.46732E-01 
 3.59600E-07 , 6.05357E-01 , 6.44614E-01 
 3.59600E-07 , 6.07494E-01 , 6.42477E-01 
 3.59600E-07 , 6.09537E-01 , 6.40435E-01 
 3.59600E-07 , 6.11268E-01 , 6.38703E-01 
 3.59600E-07 , 6.12688E-01 , 6.37283E-01 
 3.59601E-07 , 6.13726E-01 , 6.36245E-01 
 3.59601E-07 , 6.14388E-01 , 6.35584E-01 
 3.59602E-07 , 6.14810E-01 , 6.35162E-01 
 3.59602E-07 , 6.15049E-01 , 6.34922E-01 
 3.59603E-07 , 6.15173E-01 , 6.34799E-01 
 3.59605E-07 , 6.15220E-01 , 6.34752E-01 
 3.59607E-07 , 6.15229E-01 , 6.34742E-01 
 3.59618E-07 , 6.15241E-01 , 6.34730E-01 
 3.59639E-07 , 6.15241E-01 , 6.34730E-01 
 3.65849E-07 , 6.15238E-01 , 6.34733E-01 
 3.65849E-07 , 6.16581E-01 , 6.33358E-01 
 3.65849E-07 , 6.18054E-01 , 6.31879E-01 
 3.65849E-07 , 6.19671E-01 , 6.30257E-01 
 3.65849E-07 , 6.22076E-01 , 6.27848E-01 
 3.65849E-07 , 6.24265E-01 , 6.25656E-01 
 3.65849E-07 , 6.27284E-01 , 6.22635E-01 
 3.65849E-07 , 6.30272E-01 , 6.19646E-01 
 3.65849E-07 , 6.31887E-01 , 6.18033E-01 
 3.65849E-07 , 6.32960E-01 , 6.16961E-01 
 3.65850E-07 , 6.33483E-01 , 6.16441E-01 
 3.65850E-07 , 6.33361E-01 , 6.16566E-01 
 3.65850E-07 , 6.32774E-01 , 6.17156E-01 
 3.65850E-07 , 6.31909E-01 , 6.18024E-01 
 3.65850E-07 , 6.30858E-01 , 6.19077E-01 
 3.65850E-07 , 6.29820E-01 , 6.20118E-01 
 3.65851E-07 , 6.28997E-01 , 6.20942E-01 
 3.65851E-07 , 6.28402E-01 , 6.21539E-01 
 3.65851E-07 , 6.28295E-01 , 6.21646E-01 
 3.65851E-07 , 6.28209E-01 , 6.21732E-01 
 3.65851E-07 , 6.28079E-01 , 6.21863E-01 
 3.65852E-07 , 6.27920E-01 , 6.22022E-01 
 3.65853E-07 , 6.27789E-01 , 6.22153E-01 
 3.65854E-07 , 6.27742E-01 , 6.22200E-01 
 3.65856E-07 , 6.27735E-01 , 6.22207E-01 
 3.65859E-07 , 6.27732E-01 , 6.22210E-01 
 3.65863E-07 , 6.27726E-01 , 6.22216E-01 
 3.65869E-07 , 6.27724E-01 , 6.22218E-01 
 3.65984E-07 , 6.27724E-01 , 6.22218E-01 
 3.72099E-07 , 6.27719E-01 , 6.22222E-01 
 3.72099E-07 , 6.02936E-01 , 6.47005E-01 
 3.72099E-07 , 6.02022E-01 , 6.47919E-01 
 3.72099E-07 , 6.02778E-01 , 6.47164E-01 
 3.72099E-07 , 6.04408E-01 , 6.45533E-01 
 3.72099E-07 , 6.07280E-01 , 6.42662E-01 
 3.72099E-07 , 6.09042E-01 , 6.40899E-01 
 3.72099E-07 , 6.10617E-01 , 6.39325E-01 
 3.72099E-07 , 6.12605E-01 , 6.37337E-01 
 3.72099E-07 , 6.14637E-01 , 6.35305E-01 
 3.72099E-07 , 6.16112E-01 , 6.33829E-01 
 3.72099E-07 , 6.17405E-01 , 6.32536E-01 
 3.72099E-07 , 6.18429E-01 , 6.31512E-01 
 3.72100E-07 , 6.19271E-01 , 6.30671E-01 
 3.72100E-07 , 6.19834E-01 , 6.30108E-01 
 3.72100E-07 , 6.20251E-01 , 6.29690E-01 
 3.72100E-07 , 6.20614E-01 , 6.29327E-01 
 3.72100E-07 , 6.20912E-01 , 6.29029E-01 
 3.72100E-07 , 6.21160E-01 , 6.28781E-01 
 3.72101E-07 , 6.21332E-01 , 6.28609E-01 
 3.72102E-07 , 6.21404E-01 , 6.28537E-01 
 3.72103E-07 , 6.21451E-01 , 6.28490E-01 
 3.72105E-07 , 6.21461E-01 , 6.28480E-01 
 3.72108E-07 , 6.21462E-01 , 6.28480E-01 
 3.72112E-07 , 6.21467E-01 , 6.28474E-01 
 3.72118E-07 , 6.21470E-01 , 6.28471E-01 
 3.72205E-07 , 6.21470E-01 , 6.28472E-01 
 3.78349E-07 , 6.21481E-01 , 6.28489E-01 
 3.78349E-07 , 6.24515E-01 , 6.25323E-01 
 3.78349E-07 , 6.27721E-01 , 6.22105E-01 
 3.78349E-07 , 6.30064E-01 , 6.19762E-01 
 3.78349E-07 , 6.31404E-01 , 6.18430E-01 
 3.78349E-07 , 6.31923E-01 , 6.17922E-01 
 3.78349E-07 , 6.31706E-01 , 6.18157E-01 
 3.78349E-07 , 6.30914E-01 , 6.18963E-01 
 3.78349E-07 , 6.30300E-01 , 6.19586E-01 
 3.78349E-07 , 6.29685E-01 , 6.20207E-01 
 3.78349E-07 , 6.28839E-01 , 6.21061E-01 
 3.78349E-07 , 6.27912E-01 , 6.21996E-01 
 3.78349E-07 , 6.27063E-01 , 6.22853E-01 
 3.78349E-07 , 6.26296E-01 , 6.23627E-01 
 3.78350E-07 , 6.25789E-01 , 6.24138E-01 
 3.78350E-07 , 6.25412E-01 , 6.24519E-01 
 3.78350E-07 , 6.25148E-01 , 6.24786E-01 
 3.78350E-07 , 6.24955E-01 , 6.24981E-01 
 3.78350E-07 , 6.24802E-01 , 6.25136E-01 
 3.78351E-07 , 6.24687E-01 , 6.25252E-01 
 3.78351E-07 , 6.24663E-01 , 6.25276E-01 
 3.78351E-07 , 6.24646E-01 , 6.25293E-01 
 3.78352E-07 , 6.24624E-01 , 6.25316E-01 
 3.78352E-07 , 6.24604E-01 , 6.25336E-01 
 3.78354E-07 , 6.24594E-01 , 6.25346E-01 
 3.78362E-07 , 6.24594E-01 , 6.25346E-01 
 3.78369E-07 , 6.24591E-01 , 6.25349E-01 
 3.78811E-07 , 6.24592E-01 , 6.25350E-01 
 3.84599E-07 , 6.24602E-01 , 6.25366E-01 
 3.84599E-07 , 6.29695E-01 , 6.20067E-01 
 3.84599E-07 , 6.31603E-01 , 6.18182E-01 
 3.84599E-07 , 6.31865E-01 , 6.17947E-01 
 3.84599E-07 , 6.31402E-01 , 6.18432E-01 
 3.84599E-07 , 6.30696E-01 , 6.19158E-01 
 3.84599E-07 , 6.29972E-01 , 6.19897E-01 
 3.84599E-07 , 6.28992E-01 , 6.20895E-01 
 3.84599E-07 , 6.28454E-01 , 6.21441E-01 
 3.84599E-07 , 6.27690E-01 , 6.22217E-01 
 3.84599E-07 , 6.27253E-01 , 6.22662E-01 
 3.84599E-07 , 6.27009E-01 , 6.22911E-01 
 3.84599E-07 , 6.26831E-01 , 6.23093E-01 
 3.84599E-07 , 6.26663E-01 , 6.23265E-01 
 3.84600E-07 , 6.26505E-01 , 6.23426E-01 
 3.84600E-07 , 6.26366E-01 , 6.23568E-01 
 3.84600E-07 , 6.26259E-01 , 6.23678E-01 
 3.84601E-07 , 6.26198E-01 , 6.23741E-01 
 3.84601E-07 , 6.26184E-01 , 6.23755E-01 
 3.84601E-07 , 6.26175E-01 , 6.23764E-01 
 3.84602E-07 , 6.26165E-01 , 6.23775E-01 
 3.84602E-07 , 6.26156E-01 , 6.23783E-01 
 3.84604E-07 , 6.26152E-01 , 6.23787E-01 
 3.84718E-07 , 6.26151E-01 , 6.23789E-01 
 3.90849E-07 , 6.26160E-01 , 6.23807E-01 
 3.90849E-07 , 6.15776E-01 , 6.34191E-01 
 3.90849E-07 , 6.20636E-01 , 6.29332E-01 
 3.90849E-07 , 6.22724E-01 , 6.27244E-01 
 3.90849E-07 , 6.23682E-01 , 6.26286E-01 
 3.90849E-07 , 6.24162E-01 , 6.25805E-01 
 3.90849E-07 , 6.24574E-01 , 6.25394E-01 
 3.90849E-07 , 6.24761E-01 , 6.25206E-01 
 3.90849E-07 , 6.24888E-01 , 6.25079E-01 
 3.90849E-07 , 6.24989E-01 , 6.24978E-01 
 3.90849E-07 , 6.25101E-01 , 6.24866E-01 
 3.90850E-07 , 6.25211E-01 , 6.24756E-01 
 3.90850E-07 , 6.25286E-01 , 6.24681E-01 
 3.90850E-07 , 6.25336E-01 , 6.24632E-01 
 3.90851E-07 , 6.25361E-01 , 6.24606E-01 
 3.90852E-07 , 6.25372E-01 , 6.24596E-01 
 3.90853E-07 , 6.25378E-01 , 6.24589E-01 
 3.90877E-07 , 6.25380E-01 , 6.24588E-01 
 3.93806E-07 , 6.25392E-01 , 6.24602E-01 
 3.93919E-07 , 6.25392E-01 , 6.24603E-01 
 4.09591E-07 , 6.25453E-01 , 6.24683E-01 
 4.09601E-07 , 6.25452E-01 , 6.24684E-01 
 4.09603E-07 , 6.25448E-01 , 6.24684E-01 
 4.09603E-07 , 6.25444E-01 , 6.24684E-01 
 4.09603E-07 , 6.25437E-01 , 6.24684E-01 
 4.09603E-07 , 6.25425E-01 , 6.24685E-01 
 4.09604E-07 , 6.25354E-01 , 6.24688E-01 
 4.09604E-07 , 3.41981E-01 , 6.90797E-01 
 4.09604E-07 , 3.44251E-01 , 7.15652E-01 
 4.09604E-07 , 3.45525E-01 , 7.26770E-01 
 4.09604E-07 , 3.46567E-01 , 7.34997E-01 
 4.09604E-07 , 3.47374E-01 , 7.41655E-01 
 4.09604E-07 , 3.47963E-01 , 7.47479E-01 
 4.09604E-07 , 3.48514E-01 , 7.55327E-01 
 4.09604E-07 , 3.48724E-01 , 7.60190E-01 
 4.09604E-07 , 3.48847E-01 , 7.64801E-01 
 4.09604E-07 , 3.48945E-01 , 7.73377E-01 
 4.09604E-07 , 3.48947E-01 , 7.83071E-01 
 4.09604E-07 , 3.48905E-01 , 7.93426E-01 
 4.09604E-07 , 3.48866E-01 , 8.03990E-01 
 4.09604E-07 , 3.48843E-01 , 8.14345E-01 
 4.09604E-07 , 3.48816E-01 , 8.24127E-01 
 4.09604E-07 , 3.48731E-01 , 8.33857E-01 
 4.09604E-07 , 3.48553E-01 , 8.41588E-01 
 4.09604E-07 , 3.48177E-01 , 8.49172E-01 
 4.09605E-07 , 3.47558E-01 , 8.55515E-01 
 4.09605E-07 , 3.46729E-01 , 8.60299E-01 
 4.09605E-07 , 3.45665E-01 , 8.64004E-01 
 4.09605E-07 , 3.44340E-01 , 8.66875E-01 
 4.09605E-07 , 3.43170E-01 , 8.68557E-01 
 4.09606E-07 , 3.42435E-01 , 8.69360E-01 
 4.09606E-07 , 3.41710E-01 , 8.70019E-01 
 4.09606E-07 , 3.40308E-01 , 8.71042E-01 
 4.09606E-07 , 3.38505E-01 , 8.72039E-01 
 4.09607E-07 , 3.36347E-01 , 8.72964E-01 
 4.09607E-07 , 3.33499E-01 , 8.73973E-01 
 4.09608E-07 , 3.30649E-01 , 8.74900E-01 
 4.09609E-07 , 3.27785E-01 , 8.75822E-01 
 4.09612E-07 , 3.25039E-01 , 8.76715E-01 
 4.09614E-07 , 3.23475E-01 , 8.77223E-01 
 4.09618E-07 , 3.22754E-01 , 8.77456E-01 
 4.09623E-07 , 3.22529E-01 , 8.77530E-01 
 4.09629E-07 , 3.22506E-01 , 8.77539E-01 
 4.09638E-07 , 3.22475E-01 , 8.77553E-01 
 4.09656E-07 , 3.22429E-01 , 8.77574E-01 
 4.09691E-07 , 3.22403E-01 , 8.77595E-01 
 4.09748E-07 , 3.22377E-01 , 8.77624E-01 
 4.10012E-07 , 3.22234E-01 , 8.77765E-01 
 4.10364E-07 , 3.22047E-01 , 8.77953E-01 
 4.12053E-07 , 3.21146E-01 , 8.78853E-01 
 4.12675E-07 , 3.20816E-01 , 8.79184E-01 
 4.13402E-07 , 3.20430E-01 , 8.79570E-01 
 4.14077E-07 , 3.20072E-01 , 8.79929E-01 
 4.15022E-07 , 3.19571E-01 , 8.80429E-01 
 4.16516E-07 , 3.18782E-01 , 8.81219E-01 
 4.17014E-07 , 3.18519E-01 , 8.81481E-01 
 4.18572E-07 , 3.17699E-01 , 8.82301E-01 
 4.20206E-07 , 3.16841E-01 , 8.83159E-01 
 4.22411E-07 , 3.15689E-01 , 8.84311E-01 
 4.22668E-07 , 3.15555E-01 , 8.84445E-01 
 4.23181E-07 , 3.15287E-01 , 8.84712E-01 
 4.24209E-07 , 3.14753E-01 , 8.85247E-01 
 4.25311E-07 , 3.14181E-01 , 8.85819E-01 
 4.25903E-07 , 3.13874E-01 , 8.86126E-01 
 4.26579E-07 , 3.13524E-01 , 8.86476E-01 
 4.27526E-07 , 3.13035E-01 , 8.86966E-01 
 4.28600E-07 , 3.12480E-01 , 8.87519E-01 
 4.29170E-07 , 3.12187E-01 , 8.87813E-01 
 4.29929E-07 , 3.11797E-01 , 8.88203E-01 
 4.31490E-07 , 3.10997E-01 , 8.89004E-01 
 4.32296E-07 , 3.10583E-01 , 8.89417E-01 
 4.32888E-07 , 3.10281E-01 , 8.89719E-01 
 4.34070E-07 , 3.09678E-01 , 8.90322E-01 
 4.34552E-07 , 3.09432E-01 , 8.90568E-01 
 4.34552E-07 , 2.81572E-01 , 8.62707E-01 
 4.34552E-07 , 2.77240E-01 , 8.58374E-01 
 4.34552E-07 , 2.74684E-01 , 8.55819E-01 
 4.34552E-07 , 2.73372E-01 , 8.54507E-01 
 4.34552E-07 , 2.72732E-01 , 8.53867E-01 
 4.34553E-07 , 2.72779E-01 , 8.53914E-01 
 4.34553E-07 , 2.73319E-01 , 8.54454E-01 
 4.34553E-07 , 2.74582E-01 , 8.55717E-01 
 4.34553E-07 , 2.77127E-01 , 8.58262E-01 
 4.34553E-07 , 2.80573E-01 , 8.61708E-01 
 4.34553E-07 , 2.85224E-01 , 8.66359E-01 
 4.34553E-07 , 2.90769E-01 , 8.71904E-01 
 4.34553E-07 , 2.96779E-01 , 8.77914E-01 
 4.34553E-07 , 3.02826E-01 , 8.83961E-01 
 4.34553E-07 , 3.08866E-01 , 8.90001E-01 
 4.34554E-07 , 3.14703E-01 , 8.95838E-01 
 4.34554E-07 , 3.18067E-01 , 8.99202E-01 
 4.34554E-07 , 3.22468E-01 , 9.03603E-01 
 4.34554E-07 , 3.24927E-01 , 9.06062E-01 
 4.34555E-07 , 3.27920E-01 , 9.09054E-01 
 4.34555E-07 , 3.29591E-01 , 9.10725E-01 
 4.34555E-07 , 3.30786E-01 , 9.11921E-01 
 4.34555E-07 , 3.31836E-01 , 9.12971E-01 
 4.34556E-07 , 3.32666E-01 , 9.13801E-01 
 4.34556E-07 , 3.33325E-01 , 9.14460E-01 
 4.34557E-07 , 3.33809E-01 , 9.14944E-01 
 4.34557E-07 , 3.34130E-01 , 9.15265E-01 
 4.34558E-07 , 3.34315E-01 , 9.15450E-01 
 4.34559E-07 , 3.34402E-01 , 9.15537E-01 
 4.34561E-07 , 3.34421E-01 , 9.15556E-01 
 4.34563E-07 , 3.34422E-01 , 9.15557E-01 
 4.34567E-07 , 3.34427E-01 , 9.15562E-01 
 4.34575E-07 , 3.34433E-01 , 9.15568E-01 
 4.34604E-07 , 3.34433E-01 , 9.15567E-01 
 4.34617E-07 , 3.34433E-01 , 9.15567E-01 
 4.40825E-07 , 3.34434E-01 , 9.15565E-01 
 4.40849E-07 , 3.34436E-01 , 9.15565E-01 
 4.40852E-07 , 3.34438E-01 , 9.15565E-01 
 4.40852E-07 , 3.34440E-01 , 9.15565E-01 
 4.40852E-07 , 3.34444E-01 , 9.15565E-01 
 4.40852E-07 , 3.34451E-01 , 9.15565E-01 
 4.40852E-07 , 3.34467E-01 , 9.15565E-01 
 4.40852E-07 , 3.34521E-01 , 9.15564E-01 
 4.40852E-07 , 6.73037E-01 , 8.54197E-01 
 4.40852E-07 , 6.61795E-01 , 8.42946E-01 
 4.40852E-07 , 6.53488E-01 , 8.34635E-01 
 4.40852E-07 , 6.46856E-01 , 8.28001E-01 
 4.40852E-07 , 6.38420E-01 , 8.19562E-01 
 4.40852E-07 , 6.31511E-01 , 8.12652E-01 
 4.40853E-07 , 6.23881E-01 , 8.05020E-01 
 4.40853E-07 , 6.17439E-01 , 7.98578E-01 
 4.40853E-07 , 6.11824E-01 , 7.92962E-01 
 4.40853E-07 , 6.04530E-01 , 7.85668E-01 
 4.40853E-07 , 5.95422E-01 , 7.76559E-01 
 4.40853E-07 , 5.87913E-01 , 7.69050E-01 
 4.40853E-07 , 5.80949E-01 , 7.62086E-01 
 4.40853E-07 , 5.71999E-01 , 7.53135E-01 
 4.40853E-07 , 5.63507E-01 , 7.44642E-01 
 4.40854E-07 , 5.56571E-01 , 7.37707E-01 
 4.40854E-07 , 5.52247E-01 , 7.33382E-01 
 4.40854E-07 , 5.47366E-01 , 7.28501E-01 
 4.40854E-07 , 5.44090E-01 , 7.25225E-01 
 4.40854E-07 , 5.42746E-01 , 7.23881E-01 
 4.40854E-07 , 5.41598E-01 , 7.22734E-01 
 4.40855E-07 , 5.39763E-01 , 7.20898E-01 
 4.40855E-07 , 5.38135E-01 , 7.19270E-01 
 4.40855E-07 , 5.36859E-01 , 7.17994E-01 
 4.40856E-07 , 5.35798E-01 , 7.16933E-01 
 4.40857E-07 , 5.35079E-01 , 7.16214E-01 
 4.40857E-07 , 5.34676E-01 , 7.15811E-01 
 4.40858E-07 , 5.34505E-01 , 7.15640E-01 
 4.40860E-07 , 5.34456E-01 , 7.15590E-01 
 4.40862E-07 , 5.34448E-01 , 7.15583E-01 
 4.40865E-07 , 5.34443E-01 , 7.15578E-01 
 4.40867E-07 , 5.34436E-01 , 7.15571E-01 
 4.40869E-07 , 5.34433E-01 , 7.15568E-01 
 4.40874E-07 , 5.34432E-01 , 7.15567E-01 
 4.40876E-07 , 5.34432E-01 , 7.15567E-01 
 4.40896E-07 , 5.34432E-01 , 7.15567E-01 
 4.41149E-07 , 5.34432E-01 , 7.15567E-01 
 4.47102E-07 , 5.34431E-01 , 7.15570E-01 
 4.47102E-07 , 5.34432E-01 , 7.15570E-01 
 4.47102E-07 , 5.91082E-01 , 7.14986E-01 
 4.47102E-07 , 6.02419E-01 , 7.14098E-01 
 4.47102E-07 , 6.10801E-01 , 7.13033E-01 
 4.47102E-07 , 6.16892E-01 , 7.11858E-01 
 4.47102E-07 , 6.23473E-01 , 7.09964E-01 
 4.47102E-07 , 6.26901E-01 , 7.08649E-01 
 4.47103E-07 , 6.31060E-01 , 7.06621E-01 
 4.47103E-07 , 6.35362E-01 , 7.03858E-01 
 4.47103E-07 , 6.38673E-01 , 7.01063E-01 
 4.47103E-07 , 6.41815E-01 , 6.97566E-01 
 4.47103E-07 , 6.44899E-01 , 6.92726E-01 
 4.47103E-07 , 6.47336E-01 , 6.86693E-01 
 4.47103E-07 , 6.48634E-01 , 6.80942E-01 
 4.47103E-07 , 6.49248E-01 , 6.73788E-01 
 4.47103E-07 , 6.49000E-01 , 6.66224E-01 
 4.47103E-07 , 6.48036E-01 , 6.58601E-01 
 4.47103E-07 , 6.46565E-01 , 6.51247E-01 
 4.47104E-07 , 6.44728E-01 , 6.44122E-01 
 4.47104E-07 , 6.43223E-01 , 6.39101E-01 
 4.47104E-07 , 6.41165E-01 , 6.32918E-01 
 4.47104E-07 , 6.39940E-01 , 6.29498E-01 
 4.47105E-07 , 6.38911E-01 , 6.26744E-01 
 4.47105E-07 , 6.37385E-01 , 6.22807E-01 
 4.47105E-07 , 6.36441E-01 , 6.20449E-01 
 4.47106E-07 , 6.35760E-01 , 6.18779E-01 
 4.47106E-07 , 6.35183E-01 , 6.17381E-01 
 4.47107E-07 , 6.34797E-01 , 6.16451E-01 
 4.47108E-07 , 6.34579E-01 , 6.15928E-01 
 4.47109E-07 , 6.34478E-01 , 6.15686E-01 
 4.47110E-07 , 6.34444E-01 , 6.15603E-01 
 4.47112E-07 , 6.34437E-01 , 6.15588E-01 
 4.47114E-07 , 6.34434E-01 , 6.15583E-01 
 4.47117E-07 , 6.34431E-01 , 6.15573E-01 
 4.47118E-07 , 6.34430E-01 , 6.15570E-01 
 4.47120E-07 , 6.34430E-01 , 6.15570E-01 
 4.47123E-07 , 6.34430E-01 , 6.15569E-01 
 4.47558E-07 , 6.34429E-01 , 6.15570E-01 
 4.50883E-07 , 6.34427E-01 , 6.15572E-01 
 4.53352E-07 , 6.34425E-01 , 6.15573E-01 
 4.53352E-07 , 6.04281E-01 , 6.45717E-01 
 4.53352E-07 , 5.99221E-01 , 6.50777E-01 
 4.53352E-07 , 5.95372E-01 , 6.54626E-01 
 4.53352E-07 , 5.92517E-01 , 6.57481E-01 
 4.53352E-07 , 5.90313E-01 , 6.59685E-01 
 4.53352E-07 , 5.88529E-01 , 6.61469E-01 
 4.53353E-07 , 5.85760E-01 , 6.64238E-01 
 4.53353E-07 , 5.83686E-01 , 6.66312E-01 
 4.53353E-07 , 5.81744E-01 , 6.68254E-01 
 4.53353E-07 , 5.79438E-01 , 6.70560E-01 
 4.53353E-07 , 5.77898E-01 , 6.72100E-01 
 4.53353E-07 , 5.77196E-01 , 6.72802E-01 
 4.53353E-07 , 5.77022E-01 , 6.72976E-01 
 4.53353E-07 , 5.77489E-01 , 6.72509E-01 
 4.53353E-07 , 5.78377E-01 , 6.71621E-01 
 4.53354E-07 , 5.79473E-01 , 6.70524E-01 
 4.53354E-07 , 5.80669E-01 , 6.69329E-01 
 4.53354E-07 , 5.81729E-01 , 6.68269E-01 
 4.53355E-07 , 5.82523E-01 , 6.67475E-01 
 4.53355E-07 , 5.83403E-01 , 6.66595E-01 
 4.53356E-07 , 5.83963E-01 , 6.66035E-01 
 4.53357E-07 , 5.84255E-01 , 6.65743E-01 
 4.53358E-07 , 5.84385E-01 , 6.65613E-01 
 4.53359E-07 , 5.84407E-01 , 6.65590E-01 
 4.53361E-07 , 5.84412E-01 , 6.65585E-01 
 4.53368E-07 , 5.84425E-01 , 6.65573E-01 
 4.53375E-07 , 5.84425E-01 , 6.65573E-01 
 4.53473E-07 , 5.84425E-01 , 6.65572E-01 
 4.59602E-07 , 5.84409E-01 , 6.65563E-01 
 4.59602E-07 , 5.85293E-01 , 6.64697E-01 
 4.59602E-07 , 5.86643E-01 , 6.63352E-01 
 4.59602E-07 , 5.88203E-01 , 6.61795E-01 
 4.59602E-07 , 5.89273E-01 , 6.60727E-01 
 4.59602E-07 , 5.91397E-01 , 6.58606E-01 
 4.59603E-07 , 5.95363E-01 , 6.54642E-01 
 4.59603E-07 , 5.99598E-01 , 6.50409E-01 
 4.59603E-07 , 6.03002E-01 , 6.47006E-01 
 4.59603E-07 , 6.06323E-01 , 6.43685E-01 
 4.59603E-07 , 6.09049E-01 , 6.40958E-01 
 4.59603E-07 , 6.10827E-01 , 6.39180E-01 
 4.59603E-07 , 6.11765E-01 , 6.38241E-01 
 4.59604E-07 , 6.12067E-01 , 6.37938E-01 
 4.59604E-07 , 6.11909E-01 , 6.38095E-01 
 4.59604E-07 , 6.11486E-01 , 6.38517E-01 
 4.59604E-07 , 6.11270E-01 , 6.38734E-01 
 4.59605E-07 , 6.11060E-01 , 6.38943E-01 
 4.59605E-07 , 6.10684E-01 , 6.39319E-01 
 4.59605E-07 , 6.10204E-01 , 6.39798E-01 
 4.59606E-07 , 6.09805E-01 , 6.40196E-01 
 4.59607E-07 , 6.09556E-01 , 6.40446E-01 
 4.59608E-07 , 6.09452E-01 , 6.40550E-01 
 4.59610E-07 , 6.09437E-01 , 6.40565E-01 
 4.59612E-07 , 6.09438E-01 , 6.40564E-01 
 4.59617E-07 , 6.09428E-01 , 6.40574E-01 
 4.59617E-07 , 6.09426E-01 , 6.40576E-01 
 4.59619E-07 , 6.09424E-01 , 6.40577E-01 
 4.59663E-07 , 6.09424E-01 , 6.40578E-01 
 4.65852E-07 , 6.09431E-01 , 6.40592E-01 
 4.65852E-07 , 6.10790E-01 , 6.39199E-01 
 4.65852E-07 , 6.12266E-01 , 6.37717E-01 
 4.65852E-07 , 6.13883E-01 , 6.36095E-01 
 4.65852E-07 , 6.16287E-01 , 6.33688E-01 
 4.65852E-07 , 6.18474E-01 , 6.31500E-01 
 4.65853E-07 , 6.20947E-01 , 6.29026E-01 
 4.65853E-07 , 6.24119E-01 , 6.25855E-01 
 4.65853E-07 , 6.25859E-01 , 6.24117E-01 
 4.65853E-07 , 6.26913E-01 , 6.23064E-01 
 4.65853E-07 , 6.27575E-01 , 6.22405E-01 
 4.65853E-07 , 6.27672E-01 , 6.22311E-01 
 4.65853E-07 , 6.27286E-01 , 6.22699E-01 
 4.65853E-07 , 6.26536E-01 , 6.23451E-01 
 4.65853E-07 , 6.25615E-01 , 6.24375E-01 
 4.65853E-07 , 6.24653E-01 , 6.25338E-01 
 4.65854E-07 , 6.23742E-01 , 6.26251E-01 
 4.65854E-07 , 6.23053E-01 , 6.26941E-01 
 4.65854E-07 , 6.22561E-01 , 6.27433E-01 
 4.65854E-07 , 6.22496E-01 , 6.27499E-01 
 4.65854E-07 , 6.22439E-01 , 6.27556E-01 
 4.65855E-07 , 6.22344E-01 , 6.27651E-01 
 4.65855E-07 , 6.22206E-01 , 6.27789E-01 
 4.65855E-07 , 6.22055E-01 , 6.27941E-01 
 4.65857E-07 , 6.21954E-01 , 6.28041E-01 
 4.65858E-07 , 6.21930E-01 , 6.28065E-01 
 4.65860E-07 , 6.21927E-01 , 6.28068E-01 
 4.65869E-07 , 6.21917E-01 , 6.28078E-01 
 4.65887E-07 , 6.21917E-01 , 6.28078E-01 
 4.69286E-07 , 6.21921E-01 , 6.28086E-01 
 4.72102E-07 , 6.21924E-01 , 6.28092E-01 
 4.72102E-07 , 6.24792E-01 , 6.25175E-01 
 4.72102E-07 , 6.27123E-01 , 6.22839E-01 
 4.72102E-07 , 6.29298E-01 , 6.20662E-01 
 4.72102E-07 , 6.31922E-01 , 6.18039E-01 
 4.72102E-07 , 6.33691E-01 , 6.16273E-01 
 4.72103E-07 , 6.34960E-01 , 6.15008E-01 
 4.72103E-07 , 6.35361E-01 , 6.14611E-01 
 4.72103E-07 , 6.35232E-01 , 6.14743E-01 
 4.72103E-07 , 6.34814E-01 , 6.15164E-01 
 4.72103E-07 , 6.34111E-01 , 6.15870E-01 
 4.72103E-07 , 6.33214E-01 , 6.16770E-01 
 4.72103E-07 , 6.32126E-01 , 6.17861E-01 
 4.72103E-07 , 6.31053E-01 , 6.18936E-01 
 4.72103E-07 , 6.30160E-01 , 6.19831E-01 
 4.72103E-07 , 6.29438E-01 , 6.20555E-01 
 4.72103E-07 , 6.28956E-01 , 6.21038E-01 
 4.72104E-07 , 6.28646E-01 , 6.21349E-01 
 4.72104E-07 , 6.28438E-01 , 6.21557E-01 
 4.72104E-07 , 6.28335E-01 , 6.21660E-01 
 4.72105E-07 , 6.28272E-01 , 6.21724E-01 
 4.72105E-07 , 6.28209E-01 , 6.21787E-01 
 4.72107E-07 , 6.28175E-01 , 6.21821E-01 
 4.72109E-07 , 6.28171E-01 , 6.21825E-01 
 4.72112E-07 , 6.28170E-01 , 6.21826E-01 
 4.72119E-07 , 6.28164E-01 , 6.21832E-01 
 4.72143E-07 , 6.28164E-01 , 6.21832E-01 
 4.78352E-07 , 6.28169E-01 , 6.21846E-01 
 4.78352E-07 , 6.06484E-01 , 6.43531E-01 
 4.78352E-07 , 6.08783E-01 , 6.41233E-01 
 4.78352E-07 , 6.11882E-01 , 6.38134E-01 
 4.78352E-07 , 6.14848E-01 , 6.35167E-01 
 4.78352E-07 , 6.18266E-01 , 6.31750E-01 
 4.78352E-07 , 6.20396E-01 , 6.29619E-01 
 4.78353E-07 , 6.21643E-01 , 6.28372E-01 
 4.78353E-07 , 6.22188E-01 , 6.27828E-01 
 4.78353E-07 , 6.22587E-01 , 6.27429E-01 
 4.78353E-07 , 6.23126E-01 , 6.26890E-01 
 4.78353E-07 , 6.23539E-01 , 6.26476E-01 
 4.78353E-07 , 6.23853E-01 , 6.26163E-01 
 4.78353E-07 , 6.24150E-01 , 6.25866E-01 
 4.78353E-07 , 6.24409E-01 , 6.25607E-01 
 4.78353E-07 , 6.24656E-01 , 6.25360E-01 
 4.78353E-07 , 6.24828E-01 , 6.25187E-01 
 4.78354E-07 , 6.24943E-01 , 6.25072E-01 
 4.78354E-07 , 6.24980E-01 , 6.25035E-01 
 4.78355E-07 , 6.25017E-01 , 6.24998E-01 
 4.78356E-07 , 6.25038E-01 , 6.24977E-01 
 4.78368E-07 , 6.25045E-01 , 6.24971E-01 
 4.78397E-07 , 6.25045E-01 , 6.24971E-01 
 4.84602E-07 , 6.25060E-01 , 6.24996E-01 
 4.84602E-07 , 6.09482E-01 , 6.40574E-01 
 4.84602E-07 , 6.14176E-01 , 6.35880E-01 
 4.84602E-07 , 6.17225E-01 , 6.32831E-01 
 4.84602E-07 , 6.19143E-01 , 6.30913E-01 
 4.84602E-07 , 6.20343E-01 , 6.29713E-01 
 4.84602E-07 , 6.21105E-01 , 6.28951E-01 
 4.84603E-07 , 6.21864E-01 , 6.28192E-01 
 4.84603E-07 , 6.22275E-01 , 6.27781E-01 
 4.84603E-07 , 6.22554E-01 , 6.27502E-01 
 4.84603E-07 , 6.22714E-01 , 6.27342E-01 
 4.84603E-07 , 6.22875E-01 , 6.27181E-01 
 4.84603E-07 , 6.23073E-01 , 6.26983E-01 
 4.84603E-07 , 6.23233E-01 , 6.26823E-01 
 4.84603E-07 , 6.23351E-01 , 6.26705E-01 
 4.84604E-07 , 6.23425E-01 , 6.26631E-01 
 4.84604E-07 , 6.23465E-01 , 6.26591E-01 
 4.84605E-07 , 6.23483E-01 , 6.26573E-01 
 4.84606E-07 , 6.23495E-01 , 6.26561E-01 
 4.84609E-07 , 6.23497E-01 , 6.26559E-01 
 4.84615E-07 , 6.23498E-01 , 6.26558E-01 
 4.84622E-07 , 6.23499E-01 , 6.26557E-01 
 4.88383E-07 , 6.23515E-01 , 6.26578E-01 
 4.90852E-07 , 6.23525E-01 , 6.26592E-01 
 4.90852E-07 , 6.28582E-01 , 6.21257E-01 
 4.90852E-07 , 6.28797E-01 , 6.21141E-01 
 4.90852E-07 , 6.27866E-01 , 6.22133E-01 
 4.90852E-07 , 6.26924E-01 , 6.23111E-01 
 4.90852E-07 , 6.26214E-01 , 6.23842E-01 
 4.90852E-07 , 6.25727E-01 , 6.24342E-01 
 4.90853E-07 , 6.25227E-01 , 6.24853E-01 
 4.90853E-07 , 6.24958E-01 , 6.25127E-01 
 4.90853E-07 , 6.24788E-01 , 6.25299E-01 
 4.90853E-07 , 6.24702E-01 , 6.25386E-01 
 4.90853E-07 , 6.24618E-01 , 6.25471E-01 
 4.90853E-07 , 6.24520E-01 , 6.25571E-01 
 4.90853E-07 , 6.24425E-01 , 6.25668E-01 
 4.90853E-07 , 6.24363E-01 , 6.25731E-01 
 4.90854E-07 , 6.24326E-01 , 6.25769E-01 
 4.90854E-07 , 6.24313E-01 , 6.25782E-01 
 4.90855E-07 , 6.24306E-01 , 6.25790E-01 
 4.90856E-07 , 6.24300E-01 , 6.25796E-01 
 4.90857E-07 , 6.24297E-01 , 6.25799E-01 
 4.90868E-07 , 6.24296E-01 , 6.25800E-01 
 4.90961E-07 , 6.24297E-01 , 6.25800E-01 
 4.90976E-07 , 6.24297E-01 , 6.25801E-01 
 5.09592E-07 , 6.24374E-01 , 6.25904E-01 
